FechaHora,Valor
2023-06-01T23:00:00,5106.44
2023-06-01T22:00:00,5106.82
2023-06-01T21:00:00,5104.55
2023-06-01T20:00:00,5095.07
2023-06-01T19:00:00,5096.44
2023-06-01T18:00:00,5087.88
2023-06-01T17:00:00,5091.13
2023-06-01T16:00:00,5087.73
2023-06-01T15:00:00,5109.03
2023-06-01T14:00:00,5100.85
2023-06-01T13:00:00,5124.19
2023-06-01T12:00:00,5136.56
2023-06-01T11:00:00,5150.67
2023-06-01T10:00:00,5142.1
2023-06-01T09:00:00,5138.08
2023-06-01T08:00:00,5144.38
2023-06-01T07:00:00,5121.69
2023-06-01T06:00:00,5103.79
2023-06-01T05:00:00,5096.73
2023-06-01T04:00:00,5092.94
2023-06-01T03:00:00,5090.66
2023-06-01T02:00:00,5091.8
2023-06-01T01:00:00,5092.94
2023-06-01T00:00:00,5094.08
2023-06-01T23:00:00,11170.22
2023-06-01T22:00:00,10784.19
2023-06-01T21:00:00,10807.73
2023-06-01T20:00:00,10586.79
2023-06-01T19:00:00,11836.1
2023-06-01T18:00:00,11355.06
2023-06-01T17:00:00,11759.87
2023-06-01T16:00:00,11407.73
2023-06-01T15:00:00,8922.92
2023-06-01T14:00:00,7261.5
2023-06-01T13:00:00,7954.04
2023-06-01T12:00:00,6396.83
2023-06-01T11:00:00,4866.66
2023-06-01T10:00:00,5588.4
2023-06-01T09:00:00,6297.98
2023-06-01T08:00:00,7197.61
2023-06-01T07:00:00,9552.91
2023-06-01T06:00:00,10671.55
2023-06-01T05:00:00,10802.36
2023-06-01T04:00:00,10992.3
2023-06-01T03:00:00,11222.55
2023-06-01T02:00:00,10914.31
2023-06-01T01:00:00,10495.18
2023-06-01T00:00:00,10647.99
2023-06-01T23:00:00,16538.41
2023-06-01T22:00:00,17005.0
2023-06-01T21:00:00,19106.48
2023-06-01T20:00:00,21448.88
2023-06-01T19:00:00,22511.59
2023-06-01T18:00:00,22939.3
2023-06-01T17:00:00,24450.11
2023-06-01T16:00:00,27990.46
2023-06-01T15:00:00,28397.87
2023-06-01T14:00:00,28106.31
2023-06-01T13:00:00,27451.83
2023-06-01T12:00:00,28186.21
2023-06-01T11:00:00,29947.28
2023-06-01T10:00:00,29408.63
2023-06-01T09:00:00,28069.26
2023-06-01T08:00:00,26553.7
2023-06-01T07:00:00,25493.45
2023-06-01T06:00:00,21720.55
2023-06-01T05:00:00,18313.88
2023-06-01T04:00:00,17412.65
2023-06-01T03:00:00,16396.47
2023-06-01T02:00:00,16105.13
2023-06-01T01:00:00,16364.35
2023-06-01T00:00:00,16867.11
2023-06-01T23:00:00,103474.63
2023-06-01T22:00:00,106772.59
2023-06-01T21:00:00,109908.04
2023-06-01T20:00:00,111876.48
2023-06-01T19:00:00,113680.05
2023-06-01T18:00:00,115460.43
2023-06-01T17:00:00,82586.62
2023-06-01T16:00:00,84864.89
2023-06-01T15:00:00,87556.16
2023-06-01T14:00:00,88454.61
2023-06-01T13:00:00,88481.89
2023-06-01T12:00:00,88545.27
2023-06-01T11:00:00,89625.1
2023-06-01T10:00:00,89048.67
2023-06-01T09:00:00,84623.62
2023-06-01T08:00:00,85218.67
2023-06-01T07:00:00,81340.73
2023-06-01T06:00:00,75779.95
2023-06-01T05:00:00,103841.97
2023-06-01T04:00:00,101367.9
2023-06-01T03:00:00,101604.14
2023-06-01T02:00:00,102271.34
2023-06-01T01:00:00,103185.67
2023-06-01T00:00:00,104238.26
2023-06-01T23:00:00,18878.3
2023-06-01T22:00:00,19233.69
2023-06-01T21:00:00,19121.7
2023-06-01T20:00:00,19785.32
2023-06-01T19:00:00,20488.32
2023-06-01T18:00:00,20582.0
2023-06-01T17:00:00,10088.59
2023-06-01T16:00:00,11081.18
2023-06-01T15:00:00,11303.69
2023-06-01T14:00:00,11270.06
2023-06-01T13:00:00,10957.56
2023-06-01T12:00:00,10814.93
2023-06-01T11:00:00,11200.74
2023-06-01T10:00:00,11010.28
2023-06-01T09:00:00,10778.52
2023-06-01T08:00:00,10068.0
2023-06-01T07:00:00,8123.36
2023-06-01T06:00:00,7019.32
2023-06-01T05:00:00,17544.05
2023-06-01T04:00:00,17236.47
2023-06-01T03:00:00,17407.63
2023-06-01T02:00:00,17379.11
2023-06-01T01:00:00,17646.31
2023-06-01T00:00:00,17848.86
2023-06-01T23:00:00,148836.46
2023-06-01T22:00:00,65766.98
2023-06-01T21:00:00,122511.5
2023-06-01T20:00:00,159795.46
2023-06-01T19:00:00,139744.38
2023-06-01T18:00:00,165517.51
2023-06-01T17:00:00,168822.67
2023-06-01T16:00:00,170666.42
2023-06-01T15:00:00,171852.54
2023-06-01T14:00:00,170730.61
2023-06-01T13:00:00,155156.32
2023-06-01T12:00:00,166574.27
2023-06-01T11:00:00,152147.19
2023-06-01T10:00:00,174026.9
2023-06-01T09:00:00,171699.96
2023-06-01T08:00:00,171130.48
2023-06-01T07:00:00,167084.96
2023-06-01T06:00:00,162491.5
2023-06-01T05:00:00,170049.99
2023-06-01T04:00:00,171422.15
2023-06-01T03:00:00,172009.51
2023-06-01T02:00:00,162191.14
2023-06-01T01:00:00,172987.74
2023-06-01T00:00:00,171512.68
2023-06-01T23:00:00,13564.96
2023-06-01T22:00:00,14308.58
2023-06-01T21:00:00,13518.42
2023-06-01T20:00:00,14149.59
2023-06-01T19:00:00,13825.01
2023-06-01T18:00:00,14643.86
2023-06-01T17:00:00,14540.01
2023-06-01T16:00:00,14290.51
2023-06-01T15:00:00,14084.39
2023-06-01T14:00:00,12958.33
2023-06-01T13:00:00,11887.71
2023-06-01T12:00:00,11125.2
2023-06-01T11:00:00,10878.16
2023-06-01T10:00:00,11261.68
2023-06-01T09:00:00,11528.43
2023-06-01T08:00:00,11538.62
2023-06-01T07:00:00,11536.47
2023-06-01T06:00:00,11147.33
2023-06-01T05:00:00,11611.93
2023-06-01T04:00:00,13285.53
2023-06-01T03:00:00,13712.39
2023-06-01T02:00:00,12389.48
2023-06-01T01:00:00,11602.42
2023-06-01T00:00:00,11958.36
2023-06-01T23:00:00,1585.94
2023-06-01T22:00:00,1684.0
2023-06-01T21:00:00,2190.46
2023-06-01T20:00:00,3815.46
2023-06-01T19:00:00,5267.8
2023-06-01T18:00:00,6063.39
2023-06-01T17:00:00,6218.03
2023-06-01T16:00:00,6568.36
2023-06-01T15:00:00,6631.12
2023-06-01T14:00:00,6580.87
2023-06-01T13:00:00,6732.32
2023-06-01T12:00:00,6877.53
2023-06-01T11:00:00,6967.84
2023-06-01T10:00:00,6691.22
2023-06-01T09:00:00,4955.05
2023-06-01T08:00:00,3391.64
2023-06-01T07:00:00,2420.38
2023-06-01T06:00:00,1652.07
2023-06-01T05:00:00,1788.39
2023-06-01T04:00:00,1625.0
2023-06-01T03:00:00,1563.46
2023-06-01T02:00:00,1519.64
2023-06-01T01:00:00,1597.65
2023-06-01T00:00:00,1626.27
2023-06-01T23:00:00,14564.6
2023-06-01T22:00:00,13928.28
2023-06-01T21:00:00,15001.0
2023-06-01T20:00:00,15263.89
2023-06-01T19:00:00,15407.81
2023-06-01T18:00:00,14766.52
2023-06-01T17:00:00,15363.94
2023-06-01T16:00:00,17159.35
2023-06-01T15:00:00,17399.81
2023-06-01T14:00:00,16978.6
2023-06-01T13:00:00,16859.56
2023-06-01T12:00:00,16949.47
2023-06-01T11:00:00,16536.83
2023-06-01T10:00:00,16890.01
2023-06-01T09:00:00,17286.28
2023-06-01T08:00:00,17038.58
2023-06-01T07:00:00,14905.19
2023-06-01T06:00:00,13141.04
2023-06-01T05:00:00,13365.86
2023-06-01T04:00:00,13906.98
2023-06-01T03:00:00,14459.1
2023-06-01T02:00:00,14246.44
2023-06-01T01:00:00,14681.69
2023-06-01T00:00:00,15119.03
2023-06-01T23:00:00,365437.4
2023-06-01T22:00:00,366746.3
2023-06-01T21:00:00,369695.04
2023-06-01T20:00:00,369212.98
2023-06-01T19:00:00,369222.62
2023-06-01T18:00:00,355953.36
2023-06-01T17:00:00,346455.53
2023-06-01T16:00:00,338204.16
2023-06-01T15:00:00,327535.4
2023-06-01T14:00:00,316117.1
2023-06-01T13:00:00,288795.0
2023-06-01T12:00:00,295560.05
2023-06-01T11:00:00,305991.47
2023-06-01T10:00:00,301897.88
2023-06-01T09:00:00,322240.07
2023-06-01T08:00:00,337333.75
2023-06-01T07:00:00,344574.9
2023-06-01T06:00:00,350744.44
2023-06-01T05:00:00,356424.1
2023-06-01T04:00:00,361303.27
2023-06-01T03:00:00,360377.59
2023-06-01T02:00:00,354110.67
2023-06-01T01:00:00,338150.74
2023-06-01T00:00:00,340693.28
2023-06-01T23:00:00,1938.34
2023-06-01T22:00:00,2039.29
2023-06-01T21:00:00,2130.94
2023-06-01T20:00:00,2082.48
2023-06-01T19:00:00,1847.64
2023-06-01T18:00:00,2081.85
2023-06-01T17:00:00,2704.68
2023-06-01T16:00:00,2874.28
2023-06-01T15:00:00,4542.68
2023-06-01T14:00:00,2054.52
2023-06-01T13:00:00,1819.06
2023-06-01T12:00:00,1794.21
2023-06-01T11:00:00,2032.78
2023-06-01T10:00:00,2275.07
2023-06-01T09:00:00,1951.7
2023-06-01T08:00:00,1989.9
2023-06-01T07:00:00,1642.0
2023-06-01T06:00:00,1491.03
2023-06-01T05:00:00,1517.43
2023-06-01T04:00:00,1498.8
2023-06-01T03:00:00,1595.41
2023-06-01T02:00:00,1616.84
2023-06-01T01:00:00,1786.44
2023-06-01T00:00:00,1860.37
2023-06-01T23:00:00,4562.62
2023-06-01T22:00:00,4794.74
2023-06-01T21:00:00,5091.77
2023-06-01T20:00:00,5708.61
2023-06-01T19:00:00,6219.47
2023-06-01T18:00:00,6362.69
2023-06-01T17:00:00,6494.8
2023-06-01T16:00:00,6854.52
2023-06-01T15:00:00,7329.46
2023-06-01T14:00:00,8027.74
2023-06-01T13:00:00,7902.95
2023-06-01T12:00:00,7741.07
2023-06-01T11:00:00,7568.17
2023-06-01T10:00:00,7270.53
2023-06-01T09:00:00,6514.02
2023-06-01T08:00:00,6362.72
2023-06-01T07:00:00,6210.24
2023-06-01T06:00:00,5708.2
2023-06-01T05:00:00,5139.92
2023-06-01T04:00:00,5052.33
2023-06-01T03:00:00,5103.71
2023-06-01T02:00:00,5154.7
2023-06-01T01:00:00,5152.25
2023-06-01T00:00:00,5154.84
2023-06-01T23:00:00,9654.42
2023-06-01T22:00:00,9735.94
2023-06-01T21:00:00,9961.05
2023-06-01T20:00:00,10253.7
2023-06-01T19:00:00,10461.47
2023-06-01T18:00:00,10237.78
2023-06-01T17:00:00,10648.18
2023-06-01T16:00:00,10935.77
2023-06-01T15:00:00,11018.14
2023-06-01T14:00:00,11115.6
2023-06-01T13:00:00,11263.56
2023-06-01T12:00:00,10411.51
2023-06-01T11:00:00,10508.84
2023-06-01T10:00:00,10202.16
2023-06-01T09:00:00,10556.76
2023-06-01T08:00:00,9828.1
2023-06-01T07:00:00,9124.32
2023-06-01T06:00:00,8647.66
2023-06-01T05:00:00,8882.23
2023-06-01T04:00:00,8836.41
2023-06-01T03:00:00,8757.75
2023-06-01T02:00:00,8519.52
2023-06-01T01:00:00,8089.88
2023-06-01T00:00:00,7302.21
2023-06-01T23:00:00,7222.97
2023-06-01T22:00:00,7209.3
2023-06-01T21:00:00,7713.25
2023-06-01T20:00:00,8136.54
2023-06-01T19:00:00,8508.81
2023-06-01T18:00:00,8727.21
2023-06-01T17:00:00,9033.85
2023-06-01T16:00:00,10020.57
2023-06-01T15:00:00,11009.71
2023-06-01T14:00:00,11412.49
2023-06-01T13:00:00,11972.09
2023-06-01T12:00:00,12126.97
2023-06-01T11:00:00,12310.64
2023-06-01T10:00:00,11740.52
2023-06-01T09:00:00,10646.4
2023-06-01T08:00:00,10386.86
2023-06-01T07:00:00,9685.86
2023-06-01T06:00:00,8509.28
2023-06-01T05:00:00,6918.59
2023-06-01T04:00:00,6754.67
2023-06-01T03:00:00,6427.62
2023-06-01T02:00:00,6465.82
2023-06-01T01:00:00,6653.34
2023-06-01T00:00:00,6858.95
2023-06-01T23:00:00,7387.1
2023-06-01T22:00:00,7096.26
2023-06-01T21:00:00,6872.23
2023-06-01T20:00:00,7147.35
2023-06-01T19:00:00,7459.8
2023-06-01T18:00:00,7231.05
2023-06-01T17:00:00,4314.38
2023-06-01T16:00:00,3736.3
2023-06-01T15:00:00,2859.67
2023-06-01T14:00:00,3256.21
2023-06-01T13:00:00,2335.2
2023-06-01T12:00:00,1119.08
2023-06-01T11:00:00,1631.81
2023-06-01T10:00:00,1688.02
2023-06-01T09:00:00,1576.43
2023-06-01T08:00:00,2142.83
2023-06-01T07:00:00,4471.9
2023-06-01T06:00:00,5134.39
2023-06-01T05:00:00,8717.04
2023-06-01T04:00:00,8433.28
2023-06-01T03:00:00,7712.31
2023-06-01T02:00:00,7994.93
2023-06-01T01:00:00,8012.35
2023-06-01T00:00:00,7870.17
2023-06-01T23:00:00,9.95
2023-06-01T22:00:00,10.04
2023-06-01T21:00:00,9.95
2023-06-01T20:00:00,9.95
2023-06-01T19:00:00,9.95
2023-06-01T18:00:00,10.62
2023-06-01T17:00:00,9.08
2023-06-01T16:00:00,9.08
2023-06-01T15:00:00,15.52
2023-06-01T14:00:00,15.38
2023-06-01T13:00:00,14.61
2023-06-01T12:00:00,13.2
2023-06-01T11:00:00,14.6
2023-06-01T10:00:00,16.94
2023-06-01T09:00:00,23.8
2023-06-01T08:00:00,34.29
2023-06-01T07:00:00,13.19
2023-06-01T06:00:00,10.33
2023-06-01T05:00:00,9.28
2023-06-01T04:00:00,10.62
2023-06-01T03:00:00,10.24
2023-06-01T02:00:00,10.14
2023-06-01T01:00:00,10.04
2023-06-01T00:00:00,9.95
2023-06-01T23:00:00,180563.75
2023-06-01T22:00:00,182173.17
2023-06-01T21:00:00,187174.24
2023-06-01T20:00:00,193765.24
2023-06-01T19:00:00,200199.74
2023-06-01T18:00:00,208528.68
2023-06-01T17:00:00,196097.92
2023-06-01T16:00:00,198049.83
2023-06-01T15:00:00,197812.2
2023-06-01T14:00:00,197093.41
2023-06-01T13:00:00,191800.06
2023-06-01T12:00:00,192886.41
2023-06-01T11:00:00,198614.88
2023-06-01T10:00:00,193976.72
2023-06-01T09:00:00,192310.73
2023-06-01T08:00:00,192489.77
2023-06-01T07:00:00,188149.36
2023-06-01T06:00:00,171268.87
2023-06-01T05:00:00,178884.13
2023-06-01T04:00:00,176580.02
2023-06-01T03:00:00,175234.97
2023-06-01T02:00:00,176925.85
2023-06-01T01:00:00,181248.57
2023-06-01T00:00:00,183923.77
2023-06-01T23:00:00,2310.11
2023-06-01T22:00:00,2338.22
2023-06-01T21:00:00,2292.14
2023-06-01T20:00:00,2441.01
2023-06-01T19:00:00,2325.28
2023-06-01T18:00:00,2471.25
2023-06-01T17:00:00,2566.38
2023-06-01T16:00:00,2564.68
2023-06-01T15:00:00,2590.92
2023-06-01T14:00:00,2504.05
2023-06-01T13:00:00,2709.4
2023-06-01T12:00:00,2685.89
2023-06-01T11:00:00,2610.91
2023-06-01T10:00:00,2658.18
2023-06-01T09:00:00,2863.29
2023-06-01T08:00:00,2734.23
2023-06-01T07:00:00,2659.71
2023-06-01T06:00:00,2517.68
2023-06-01T05:00:00,2268.59
2023-06-01T04:00:00,2201.43
2023-06-01T03:00:00,2249.52
2023-06-01T02:00:00,2317.32
2023-06-01T01:00:00,2296.06
2023-06-01T00:00:00,2429.24
2023-06-01T23:00:00,46847.96
2023-06-01T22:00:00,49058.22
2023-06-01T21:00:00,47236.25
2023-06-01T20:00:00,46176.28
2023-06-01T19:00:00,45530.36
2023-06-01T18:00:00,41060.26
2023-06-01T17:00:00,38815.1
2023-06-01T16:00:00,43502.0
2023-06-01T15:00:00,42106.14
2023-06-01T14:00:00,43866.32
2023-06-01T13:00:00,42093.98
2023-06-01T12:00:00,31941.71
2023-06-01T11:00:00,38001.79
2023-06-01T10:00:00,40290.29
2023-06-01T09:00:00,45754.49
2023-06-01T08:00:00,44923.14
2023-06-01T07:00:00,40674.61
2023-06-01T06:00:00,40315.48
2023-06-01T05:00:00,40915.34
2023-06-01T04:00:00,44232.66
2023-06-01T03:00:00,47712.51
2023-06-01T02:00:00,48424.11
2023-06-01T01:00:00,39542.41
2023-06-01T00:00:00,36478.36
2023-06-01T23:00:00,24719.94
2023-06-01T22:00:00,27391.95
2023-06-01T21:00:00,27907.86
2023-06-01T20:00:00,26916.83
2023-06-01T19:00:00,25369.14
2023-06-01T18:00:00,25717.61
2023-06-01T17:00:00,25208.22
2023-06-01T16:00:00,25172.02
2023-06-01T15:00:00,23854.36
2023-06-01T14:00:00,27337.92
2023-06-01T13:00:00,28518.1
2023-06-01T12:00:00,27460.48
2023-06-01T11:00:00,20132.18
2023-06-01T10:00:00,18584.99
2023-06-01T09:00:00,23368.25
2023-06-01T08:00:00,28161.58
2023-06-01T07:00:00,27069.56
2023-06-01T06:00:00,25866.14
2023-06-01T05:00:00,24880.28
2023-06-01T04:00:00,23518.22
2023-06-01T03:00:00,22823.57
2023-06-01T02:00:00,22365.89
2023-06-01T01:00:00,21905.37
2023-06-01T00:00:00,21846.71
2023-06-01T23:00:00,13438.84
2023-06-01T22:00:00,14444.93
2023-06-01T21:00:00,15955.03
2023-06-01T20:00:00,17119.65
2023-06-01T19:00:00,18246.15
2023-06-01T18:00:00,19112.77
2023-06-01T17:00:00,19636.76
2023-06-01T16:00:00,20552.15
2023-06-01T15:00:00,20712.19
2023-06-01T14:00:00,20719.91
2023-06-01T13:00:00,19361.92
2023-06-01T12:00:00,19556.36
2023-06-01T11:00:00,20776.47
2023-06-01T10:00:00,20227.56
2023-06-01T09:00:00,19398.13
2023-06-01T08:00:00,18625.2
2023-06-01T07:00:00,17042.65
2023-06-01T06:00:00,14542.63
2023-06-01T05:00:00,12524.32
2023-06-01T04:00:00,12139.49
2023-06-01T03:00:00,12120.97
2023-06-01T02:00:00,12635.22
2023-06-01T01:00:00,13216.11
2023-06-01T00:00:00,13361.94
2023-06-01T23:00:00,0.0
2023-06-01T22:00:00,0.0
2023-06-01T21:00:00,0.0
2023-06-01T20:00:00,0.0
2023-06-01T19:00:00,0.0
2023-06-01T18:00:00,0.0
2023-06-01T17:00:00,0.0
2023-06-01T16:00:00,0.0
2023-06-01T15:00:00,0.0
2023-06-01T14:00:00,0.0
2023-06-01T13:00:00,0.0
2023-06-01T12:00:00,0.0
2023-06-01T11:00:00,0.0
2023-06-01T10:00:00,0.0
2023-06-01T09:00:00,0.0
2023-06-01T08:00:00,0.0
2023-06-01T07:00:00,0.0
2023-06-01T06:00:00,0.0
2023-06-01T05:00:00,0.0
2023-06-01T04:00:00,0.0
2023-06-01T03:00:00,0.0
2023-06-01T02:00:00,0.0
2023-06-01T01:00:00,0.0
2023-06-01T00:00:00,0.0
2023-06-01T23:00:00,266.01
2023-06-01T22:00:00,264.44
2023-06-01T21:00:00,360.13
2023-06-01T20:00:00,819.11
2023-06-01T19:00:00,2606.7
2023-06-01T18:00:00,3954.23
2023-06-01T17:00:00,4646.16
2023-06-01T16:00:00,4868.51
2023-06-01T15:00:00,4947.47
2023-06-01T14:00:00,4942.52
2023-06-01T13:00:00,5040.15
2023-06-01T12:00:00,5032.43
2023-06-01T11:00:00,5133.68
2023-06-01T10:00:00,5024.97
2023-06-01T09:00:00,4700.25
2023-06-01T08:00:00,3620.39
2023-06-01T07:00:00,1133.38
2023-06-01T06:00:00,311.69
2023-06-01T05:00:00,214.26
2023-06-01T04:00:00,214.22
2023-06-01T03:00:00,212.3
2023-06-01T02:00:00,208.83
2023-06-01T01:00:00,215.51
2023-06-01T00:00:00,213.57
2023-06-01T23:00:00,2162.62
2023-06-01T22:00:00,1591.16
2023-06-01T21:00:00,1715.1
2023-06-01T20:00:00,2103.97
2023-06-01T19:00:00,2197.16
2023-06-01T18:00:00,2263.89
2023-06-01T17:00:00,2329.3
2023-06-01T16:00:00,2298.2
2023-06-01T15:00:00,2451.13
2023-06-01T14:00:00,2497.95
2023-06-01T13:00:00,2470.12
2023-06-01T12:00:00,2647.16
2023-06-01T11:00:00,2899.64
2023-06-01T10:00:00,3488.91
2023-06-01T09:00:00,3994.34
2023-06-01T08:00:00,3985.08
2023-06-01T07:00:00,3356.36
2023-06-01T06:00:00,2973.27
2023-06-01T05:00:00,2541.22
2023-06-01T04:00:00,2261.16
2023-06-01T03:00:00,2034.78
2023-06-01T02:00:00,2039.28
2023-06-01T01:00:00,1961.44
2023-06-01T00:00:00,2230.38
2023-06-01T23:00:00,18962.18
2023-06-01T22:00:00,19149.57
2023-06-01T21:00:00,19750.59
2023-06-01T20:00:00,22005.04
2023-06-01T19:00:00,23736.05
2023-06-01T18:00:00,23788.03
2023-06-01T17:00:00,25562.69
2023-06-01T16:00:00,26708.74
2023-06-01T15:00:00,27609.17
2023-06-01T14:00:00,27459.74
2023-06-01T13:00:00,26968.85
2023-06-01T12:00:00,25500.9
2023-06-01T11:00:00,27173.05
2023-06-01T10:00:00,26753.14
2023-06-01T09:00:00,25426.62
2023-06-01T08:00:00,24214.0
2023-06-01T07:00:00,22340.58
2023-06-01T06:00:00,18918.38
2023-06-01T05:00:00,17360.15
2023-06-01T04:00:00,18702.63
2023-06-01T03:00:00,18265.73
2023-06-01T02:00:00,18146.36
2023-06-01T01:00:00,18729.3
2023-06-01T00:00:00,18891.76
2023-06-01T23:00:00,98348.12
2023-06-01T22:00:00,99922.29
2023-06-01T21:00:00,106353.52
2023-06-01T20:00:00,111859.04
2023-06-01T19:00:00,117496.94
2023-06-01T18:00:00,120977.93
2023-06-01T17:00:00,92527.47
2023-06-01T16:00:00,98402.86
2023-06-01T15:00:00,101235.4
2023-06-01T14:00:00,101438.87
2023-06-01T13:00:00,102174.84
2023-06-01T12:00:00,100665.72
2023-06-01T11:00:00,102959.65
2023-06-01T10:00:00,100209.27
2023-06-01T09:00:00,94953.09
2023-06-01T08:00:00,89837.21
2023-06-01T07:00:00,86114.53
2023-06-01T06:00:00,76459.33
2023-06-01T05:00:00,98561.22
2023-06-01T04:00:00,96349.63
2023-06-01T03:00:00,95174.89
2023-06-01T02:00:00,95541.16
2023-06-01T01:00:00,96550.71
2023-06-01T00:00:00,97360.66
2023-06-01T23:00:00,108850.43
2023-06-01T22:00:00,110944.95
2023-06-01T21:00:00,119406.57
2023-06-01T20:00:00,129192.12
2023-06-01T19:00:00,136821.24
2023-06-01T18:00:00,139319.14
2023-06-01T17:00:00,118983.02
2023-06-01T16:00:00,127323.79
2023-06-01T15:00:00,132588.36
2023-06-01T14:00:00,132976.02
2023-06-01T13:00:00,132961.08
2023-06-01T12:00:00,131459.13
2023-06-01T11:00:00,136910.01
2023-06-01T10:00:00,133277.71
2023-06-01T09:00:00,126876.37
2023-06-01T08:00:00,118885.35
2023-06-01T07:00:00,108782.73
2023-06-01T06:00:00,92875.69
2023-06-01T05:00:00,104636.17
2023-06-01T04:00:00,100535.43
2023-06-01T03:00:00,98958.23
2023-06-01T02:00:00,99045.17
2023-06-01T01:00:00,100039.56
2023-06-01T00:00:00,101000.43
2023-06-01T23:00:00,8952.38
2023-06-01T22:00:00,9002.11
2023-06-01T21:00:00,9064.35
2023-06-01T20:00:00,9084.47
2023-06-01T19:00:00,9235.26
2023-06-01T18:00:00,9434.36
2023-06-01T17:00:00,1274.31
2023-06-01T16:00:00,1330.73
2023-06-01T15:00:00,1133.78
2023-06-01T14:00:00,938.3
2023-06-01T13:00:00,1419.87
2023-06-01T12:00:00,1287.67
2023-06-01T11:00:00,1423.65
2023-06-01T10:00:00,1481.64
2023-06-01T09:00:00,1288.6
2023-06-01T08:00:00,1220.65
2023-06-01T07:00:00,1100.12
2023-06-01T06:00:00,1028.68
2023-06-01T05:00:00,8931.79
2023-06-01T04:00:00,8925.16
2023-06-01T03:00:00,9344.61
2023-06-01T02:00:00,9420.57
2023-06-01T01:00:00,9406.5
2023-06-01T00:00:00,9453.59
2023-06-01T23:00:00,25375.19
2023-06-01T22:00:00,26588.97
2023-06-01T21:00:00,27975.25
2023-06-01T20:00:00,29372.57
2023-06-01T19:00:00,30385.48
2023-06-01T18:00:00,31491.02
2023-06-01T17:00:00,21832.13
2023-06-01T16:00:00,23920.03
2023-06-01T15:00:00,25642.16
2023-06-01T14:00:00,25720.32
2023-06-01T13:00:00,25337.45
2023-06-01T12:00:00,23466.87
2023-06-01T11:00:00,24829.34
2023-06-01T10:00:00,24467.24
2023-06-01T09:00:00,23236.42
2023-06-01T08:00:00,22700.36
2023-06-01T07:00:00,21864.66
2023-06-01T06:00:00,18803.76
2023-06-01T05:00:00,26413.85
2023-06-01T04:00:00,26031.32
2023-06-01T03:00:00,26099.07
2023-06-01T02:00:00,26228.29
2023-06-01T01:00:00,26359.92
2023-06-01T00:00:00,26499.93
2023-06-01T23:00:00,1828.08
2023-06-01T22:00:00,1727.55
2023-06-01T21:00:00,1915.02
2023-06-01T20:00:00,1934.71
2023-06-01T19:00:00,1909.76
2023-06-01T18:00:00,2141.3
2023-06-01T17:00:00,2291.7
2023-06-01T16:00:00,2756.14
2023-06-01T15:00:00,2795.67
2023-06-01T14:00:00,2849.75
2023-06-01T13:00:00,2797.2
2023-06-01T12:00:00,2538.99
2023-06-01T11:00:00,2920.87
2023-06-01T10:00:00,2740.84
2023-06-01T09:00:00,2832.58
2023-06-01T08:00:00,2654.97
2023-06-01T07:00:00,2550.48
2023-06-01T06:00:00,2270.86
2023-06-01T05:00:00,2213.85
2023-06-01T04:00:00,2194.7
2023-06-01T03:00:00,2226.92
2023-06-01T02:00:00,2142.69
2023-06-01T01:00:00,2311.52
2023-06-01T00:00:00,2232.92
2023-06-01T23:00:00,26976.48
2023-06-01T22:00:00,20594.71
2023-06-01T21:00:00,11949.96
2023-06-01T20:00:00,6767.74
2023-06-01T19:00:00,6037.32
2023-06-01T18:00:00,5714.51
2023-06-01T17:00:00,5976.36
2023-06-01T16:00:00,6318.21
2023-06-01T15:00:00,5989.01
2023-06-01T14:00:00,6117.38
2023-06-01T13:00:00,6061.77
2023-06-01T12:00:00,5678.23
2023-06-01T11:00:00,6439.37
2023-06-01T10:00:00,5999.03
2023-06-01T09:00:00,6150.93
2023-06-01T08:00:00,5643.39
2023-06-01T07:00:00,5312.86
2023-06-01T06:00:00,5066.34
2023-06-01T05:00:00,5481.75
2023-06-01T04:00:00,7595.8
2023-06-01T03:00:00,15599.83
2023-06-01T02:00:00,21400.89
2023-06-01T01:00:00,25755.82
2023-06-01T00:00:00,25142.27
2023-06-01T23:00:00,0.0
2023-06-01T22:00:00,0.0
2023-06-01T21:00:00,0.0
2023-06-01T20:00:00,0.0
2023-06-01T19:00:00,0.0
2023-06-01T18:00:00,0.0
2023-06-01T17:00:00,0.0
2023-06-01T16:00:00,0.0
2023-06-01T15:00:00,0.0
2023-06-01T14:00:00,0.0
2023-06-01T13:00:00,0.0
2023-06-01T12:00:00,0.0
2023-06-01T11:00:00,0.0
2023-06-01T10:00:00,0.0
2023-06-01T09:00:00,0.0
2023-06-01T08:00:00,0.0
2023-06-01T07:00:00,0.0
2023-06-01T06:00:00,0.0
2023-06-01T05:00:00,0.0
2023-06-01T04:00:00,0.0
2023-06-01T03:00:00,0.0
2023-06-01T02:00:00,0.0
2023-06-01T01:00:00,0.0
2023-06-01T00:00:00,0.0
2023-06-01T23:00:00,19973.92
2023-06-01T22:00:00,19389.26
2023-06-01T21:00:00,21972.5
2023-06-01T20:00:00,23040.83
2023-06-01T19:00:00,23513.17
2023-06-01T18:00:00,24199.9
2023-06-01T17:00:00,23103.49
2023-06-01T16:00:00,22177.19
2023-06-01T15:00:00,22398.13
2023-06-01T14:00:00,22639.37
2023-06-01T13:00:00,21679.41
2023-06-01T12:00:00,21354.29
2023-06-01T11:00:00,22941.35
2023-06-01T10:00:00,22538.24
2023-06-01T09:00:00,22095.95
2023-06-01T08:00:00,20987.53
2023-06-01T07:00:00,20745.83
2023-06-01T06:00:00,17791.2
2023-06-01T05:00:00,17773.08
2023-06-01T04:00:00,18892.88
2023-06-01T03:00:00,19169.72
2023-06-01T02:00:00,19713.7
2023-06-01T01:00:00,20038.58
2023-06-01T00:00:00,20183.45
2023-06-01T23:00:00,956.18
2023-06-01T22:00:00,948.31
2023-06-01T21:00:00,934.7
2023-06-01T20:00:00,948.02
2023-06-01T19:00:00,996.59
2023-06-01T18:00:00,1067.21
2023-06-01T17:00:00,1156.35
2023-06-01T16:00:00,1151.04
2023-06-01T15:00:00,1203.35
2023-06-01T14:00:00,1241.11
2023-06-01T13:00:00,1181.95
2023-06-01T12:00:00,929.35
2023-06-01T11:00:00,930.29
2023-06-01T10:00:00,931.17
2023-06-01T09:00:00,922.36
2023-06-01T08:00:00,874.4
2023-06-01T07:00:00,768.08
2023-06-01T06:00:00,698.6
2023-06-01T05:00:00,662.42
2023-06-01T04:00:00,569.78
2023-06-01T03:00:00,591.86
2023-06-01T02:00:00,577.88
2023-06-01T01:00:00,617.93
2023-06-01T00:00:00,600.15
2023-06-01T23:00:00,1160.61
2023-06-01T22:00:00,1164.05
2023-06-01T21:00:00,1353.86
2023-06-01T20:00:00,1521.86
2023-06-01T19:00:00,1671.04
2023-06-01T18:00:00,1733.89
2023-06-01T17:00:00,1876.54
2023-06-01T16:00:00,1885.31
2023-06-01T15:00:00,1887.72
2023-06-01T14:00:00,1767.98
2023-06-01T13:00:00,1699.54
2023-06-01T12:00:00,1598.02
2023-06-01T11:00:00,1773.48
2023-06-01T10:00:00,1682.93
2023-06-01T09:00:00,1516.06
2023-06-01T08:00:00,1460.37
2023-06-01T07:00:00,1381.49
2023-06-01T06:00:00,1128.19
2023-06-01T05:00:00,990.96
2023-06-01T04:00:00,959.53
2023-06-01T03:00:00,992.54
2023-06-01T02:00:00,950.65
2023-06-01T01:00:00,1031.66
2023-06-01T00:00:00,1070.09
2023-06-01T23:00:00,830.79
2023-06-01T22:00:00,912.5
2023-06-01T21:00:00,962.32
2023-06-01T20:00:00,1017.82
2023-06-01T19:00:00,1066.01
2023-06-01T18:00:00,1154.76
2023-06-01T17:00:00,1078.91
2023-06-01T16:00:00,1126.95
2023-06-01T15:00:00,1078.75
2023-06-01T14:00:00,1104.6
2023-06-01T13:00:00,1056.93
2023-06-01T12:00:00,1083.64
2023-06-01T11:00:00,1200.98
2023-06-01T10:00:00,1211.13
2023-06-01T09:00:00,1178.63
2023-06-01T08:00:00,1063.85
2023-06-01T07:00:00,989.18
2023-06-01T06:00:00,741.15
2023-06-01T05:00:00,783.57
2023-06-01T04:00:00,731.63
2023-06-01T03:00:00,723.66
2023-06-01T02:00:00,748.39
2023-06-01T01:00:00,784.52
2023-06-01T00:00:00,820.17
2023-06-01T23:00:00,7203.19
2023-06-01T22:00:00,6994.7
2023-06-01T21:00:00,7247.38
2023-06-01T20:00:00,7332.63
2023-06-01T19:00:00,7319.3
2023-06-01T18:00:00,7176.14
2023-06-01T17:00:00,6939.77
2023-06-01T16:00:00,6981.36
2023-06-01T15:00:00,6716.49
2023-06-01T14:00:00,6561.55
2023-06-01T13:00:00,6518.33
2023-06-01T12:00:00,6724.32
2023-06-01T11:00:00,6972.35
2023-06-01T10:00:00,6944.03
2023-06-01T09:00:00,6922.7
2023-06-01T08:00:00,7183.55
2023-06-01T07:00:00,7414.23
2023-06-01T06:00:00,7288.36
2023-06-01T05:00:00,7424.44
2023-06-01T04:00:00,7646.34
2023-06-01T03:00:00,7630.1
2023-06-01T02:00:00,7627.21
2023-06-01T01:00:00,8072.74
2023-06-01T00:00:00,8147.86
2023-06-01T23:00:00,568499.22
2023-06-01T22:00:00,555749.6
2023-06-01T21:00:00,566205.68
2023-06-01T20:00:00,590363.32
2023-06-01T19:00:00,603074.43
2023-06-01T18:00:00,607863.07
2023-06-01T17:00:00,567789.33
2023-06-01T16:00:00,578537.55
2023-06-01T15:00:00,590721.06
2023-06-01T14:00:00,585859.53
2023-06-01T13:00:00,587627.77
2023-06-01T12:00:00,593436.37
2023-06-01T11:00:00,594178.93
2023-06-01T10:00:00,590830.57
2023-06-01T09:00:00,576097.24
2023-06-01T08:00:00,572129.6
2023-06-01T07:00:00,556047.42
2023-06-01T06:00:00,531202.1
2023-06-01T05:00:00,544344.02
2023-06-01T04:00:00,539447.25
2023-06-01T03:00:00,537869.08
2023-06-01T02:00:00,549925.01
2023-06-01T01:00:00,568917.27
2023-06-01T00:00:00,568530.96
2023-06-01T23:00:00,55610.54
2023-06-01T22:00:00,55736.71
2023-06-01T21:00:00,56692.98
2023-06-01T20:00:00,57555.21
2023-06-01T19:00:00,58694.32
2023-06-01T18:00:00,58081.2
2023-06-01T17:00:00,54839.42
2023-06-01T16:00:00,53506.55
2023-06-01T15:00:00,50333.15
2023-06-01T14:00:00,50943.79
2023-06-01T13:00:00,51399.5
2023-06-01T12:00:00,51401.59
2023-06-01T11:00:00,51700.25
2023-06-01T10:00:00,52690.85
2023-06-01T09:00:00,53090.89
2023-06-01T08:00:00,54553.16
2023-06-01T07:00:00,54428.8
2023-06-01T06:00:00,53478.55
2023-06-01T05:00:00,52074.58
2023-06-01T04:00:00,52403.55
2023-06-01T03:00:00,54402.81
2023-06-01T02:00:00,53756.16
2023-06-01T01:00:00,53700.43
2023-06-01T00:00:00,53631.36
2023-06-01T23:00:00,16519.04
2023-06-01T22:00:00,16531.77
2023-06-01T21:00:00,16802.03
2023-06-01T20:00:00,16914.42
2023-06-01T19:00:00,17059.75
2023-06-01T18:00:00,17163.44
2023-06-01T17:00:00,5009.14
2023-06-01T16:00:00,5351.79
2023-06-01T15:00:00,5556.49
2023-06-01T14:00:00,5475.9
2023-06-01T13:00:00,5527.14
2023-06-01T12:00:00,5523.87
2023-06-01T11:00:00,5901.04
2023-06-01T10:00:00,6293.81
2023-06-01T09:00:00,6340.08
2023-06-01T08:00:00,6558.03
2023-06-01T07:00:00,6480.39
2023-06-01T06:00:00,5358.64
2023-06-01T05:00:00,16864.2
2023-06-01T04:00:00,16662.44
2023-06-01T03:00:00,16574.37
2023-06-01T02:00:00,16592.69
2023-06-01T01:00:00,16525.22
2023-06-01T00:00:00,16580.59
2023-06-01T23:00:00,521676.13
2023-06-01T22:00:00,525331.89
2023-06-01T21:00:00,535907.85
2023-06-01T20:00:00,563450.25
2023-06-01T19:00:00,578521.8
2023-06-01T18:00:00,584143.78
2023-06-01T17:00:00,532385.43
2023-06-01T16:00:00,543864.61
2023-06-01T15:00:00,568433.53
2023-06-01T14:00:00,579423.62
2023-06-01T13:00:00,575251.63
2023-06-01T12:00:00,567084.47
2023-06-01T11:00:00,561222.23
2023-06-01T10:00:00,556429.67
2023-06-01T09:00:00,540722.99
2023-06-01T08:00:00,537692.9
2023-06-01T07:00:00,532989.81
2023-06-01T06:00:00,475349.29
2023-06-01T05:00:00,484241.17
2023-06-01T04:00:00,482181.75
2023-06-01T03:00:00,483713.93
2023-06-01T02:00:00,488756.51
2023-06-01T01:00:00,495698.71
2023-06-01T00:00:00,501629.64
2023-06-01T23:00:00,568.42
2023-06-01T22:00:00,664.4
2023-06-01T21:00:00,758.55
2023-06-01T20:00:00,407.37
2023-06-01T19:00:00,158.26
2023-06-01T18:00:00,451.42
2023-06-01T17:00:00,622.47
2023-06-01T16:00:00,731.03
2023-06-01T15:00:00,979.88
2023-06-01T14:00:00,1179.46
2023-06-01T13:00:00,1095.7
2023-06-01T12:00:00,1899.77
2023-06-01T11:00:00,1857.19
2023-06-01T10:00:00,1841.95
2023-06-01T09:00:00,1724.22
2023-06-01T08:00:00,1737.79
2023-06-01T07:00:00,1504.35
2023-06-01T06:00:00,901.5
2023-06-01T05:00:00,427.97
2023-06-01T04:00:00,442.93
2023-06-01T03:00:00,315.05
2023-06-01T02:00:00,407.44
2023-06-01T01:00:00,617.08
2023-06-01T00:00:00,754.77
2023-06-01T23:00:00,456480.0
2023-06-01T22:00:00,469548.84
2023-06-01T21:00:00,463936.94
2023-06-01T20:00:00,461208.05
2023-06-01T19:00:00,455657.08
2023-06-01T18:00:00,458225.35
2023-06-01T17:00:00,460572.11
2023-06-01T16:00:00,465274.25
2023-06-01T15:00:00,463265.66
2023-06-01T14:00:00,458513.68
2023-06-01T13:00:00,458255.74
2023-06-01T12:00:00,448742.2
2023-06-01T11:00:00,451843.43
2023-06-01T10:00:00,456510.17
2023-06-01T09:00:00,446270.66
2023-06-01T08:00:00,449330.69
2023-06-01T07:00:00,445963.12
2023-06-01T06:00:00,446065.67
2023-06-01T05:00:00,440385.57
2023-06-01T04:00:00,457728.55
2023-06-01T03:00:00,448248.54
2023-06-01T02:00:00,463790.34
2023-06-01T01:00:00,443846.56
2023-06-01T00:00:00,415091.86
2023-06-01T23:00:00,6822.41
2023-06-01T22:00:00,8148.64
2023-06-01T21:00:00,9690.29
2023-06-01T20:00:00,10804.6
2023-06-01T19:00:00,11462.37
2023-06-01T18:00:00,11112.95
2023-06-01T17:00:00,9588.75
2023-06-01T16:00:00,9332.67
2023-06-01T15:00:00,9023.53
2023-06-01T14:00:00,8749.52
2023-06-01T13:00:00,8488.18
2023-06-01T12:00:00,8684.1
2023-06-01T11:00:00,9259.02
2023-06-01T10:00:00,8822.34
2023-06-01T09:00:00,8295.77
2023-06-01T08:00:00,7933.15
2023-06-01T07:00:00,7392.04
2023-06-01T06:00:00,6943.03
2023-06-01T05:00:00,6409.88
2023-06-01T04:00:00,5541.2
2023-06-01T03:00:00,5454.28
2023-06-01T02:00:00,5477.92
2023-06-01T01:00:00,5682.21
2023-06-01T00:00:00,6032.72
2023-06-01T23:00:00,7530.39
2023-06-01T22:00:00,7995.1
2023-06-01T21:00:00,8761.64
2023-06-01T20:00:00,9377.75
2023-06-01T19:00:00,10130.74
2023-06-01T18:00:00,10374.31
2023-06-01T17:00:00,10582.34
2023-06-01T16:00:00,11835.71
2023-06-01T15:00:00,11962.15
2023-06-01T14:00:00,11772.57
2023-06-01T13:00:00,11578.17
2023-06-01T12:00:00,11239.99
2023-06-01T11:00:00,12012.18
2023-06-01T10:00:00,11754.97
2023-06-01T09:00:00,11275.08
2023-06-01T08:00:00,11429.92
2023-06-01T07:00:00,10473.43
2023-06-01T06:00:00,8294.39
2023-06-01T05:00:00,7498.1
2023-06-01T04:00:00,6834.1
2023-06-01T03:00:00,6798.53
2023-06-01T02:00:00,6914.27
2023-06-01T01:00:00,7001.26
2023-06-01T00:00:00,7360.57
2023-06-01T23:00:00,7928.12
2023-06-01T22:00:00,8673.01
2023-06-01T21:00:00,10629.65
2023-06-01T20:00:00,12447.6
2023-06-01T19:00:00,13752.19
2023-06-01T18:00:00,14394.6
2023-06-01T17:00:00,14181.98
2023-06-01T16:00:00,14465.85
2023-06-01T15:00:00,14595.84
2023-06-01T14:00:00,14526.88
2023-06-01T13:00:00,14331.31
2023-06-01T12:00:00,14537.88
2023-06-01T11:00:00,14724.22
2023-06-01T10:00:00,14539.16
2023-06-01T09:00:00,14315.78
2023-06-01T08:00:00,13658.63
2023-06-01T07:00:00,12541.82
2023-06-01T06:00:00,10953.44
2023-06-01T05:00:00,9414.5
2023-06-01T04:00:00,7435.02
2023-06-01T03:00:00,7142.62
2023-06-01T02:00:00,7172.97
2023-06-01T01:00:00,7278.01
2023-06-01T00:00:00,7786.14
2023-06-01T23:00:00,472.16
2023-06-01T22:00:00,515.8
2023-06-01T21:00:00,587.62
2023-06-01T20:00:00,648.17
2023-06-01T19:00:00,632.28
2023-06-01T18:00:00,671.99
2023-06-01T17:00:00,646.21
2023-06-01T16:00:00,640.48
2023-06-01T15:00:00,658.59
2023-06-01T14:00:00,663.55
2023-06-01T13:00:00,677.29
2023-06-01T12:00:00,680.53
2023-06-01T11:00:00,672.25
2023-06-01T10:00:00,663.29
2023-06-01T09:00:00,629.63
2023-06-01T08:00:00,617.85
2023-06-01T07:00:00,538.35
2023-06-01T06:00:00,478.49
2023-06-01T05:00:00,437.24
2023-06-01T04:00:00,422.81
2023-06-01T03:00:00,426.14
2023-06-01T02:00:00,425.96
2023-06-01T01:00:00,441.94
2023-06-01T00:00:00,459.7
2023-06-01T23:00:00,15715.68
2023-06-01T22:00:00,17800.48
2023-06-01T21:00:00,20015.78
2023-06-01T20:00:00,22611.42
2023-06-01T19:00:00,24954.67
2023-06-01T18:00:00,24749.86
2023-06-01T17:00:00,24197.17
2023-06-01T16:00:00,26839.85
2023-06-01T15:00:00,26070.79
2023-06-01T14:00:00,24757.18
2023-06-01T13:00:00,23074.46
2023-06-01T12:00:00,23707.91
2023-06-01T11:00:00,25191.3
2023-06-01T10:00:00,23998.19
2023-06-01T09:00:00,22107.19
2023-06-01T08:00:00,20708.59
2023-06-01T07:00:00,18947.34
2023-06-01T06:00:00,16761.28
2023-06-01T05:00:00,14182.98
2023-06-01T04:00:00,12774.89
2023-06-01T03:00:00,12552.71
2023-06-01T02:00:00,12598.68
2023-06-01T01:00:00,13398.29
2023-06-01T00:00:00,14510.43
2023-06-01T23:00:00,280.01
2023-06-01T22:00:00,290.43
2023-06-01T21:00:00,319.08
2023-06-01T20:00:00,354.12
2023-06-01T19:00:00,356.08
2023-06-01T18:00:00,364.21
2023-06-01T17:00:00,323.13
2023-06-01T16:00:00,320.78
2023-06-01T15:00:00,318.75
2023-06-01T14:00:00,305.57
2023-06-01T13:00:00,294.95
2023-06-01T12:00:00,307.84
2023-06-01T11:00:00,325.45
2023-06-01T10:00:00,339.81
2023-06-01T09:00:00,319.44
2023-06-01T08:00:00,313.34
2023-06-01T07:00:00,292.84
2023-06-01T06:00:00,274.01
2023-06-01T05:00:00,259.1
2023-06-01T04:00:00,253.96
2023-06-01T03:00:00,270.55
2023-06-01T02:00:00,272.96
2023-06-01T01:00:00,274.35
2023-06-01T00:00:00,287.08
2023-06-01T23:00:00,81942.42
2023-06-01T22:00:00,92317.58
2023-06-01T21:00:00,106578.09
2023-06-01T20:00:00,116644.21
2023-06-01T19:00:00,122588.06
2023-06-01T18:00:00,120693.31
2023-06-01T17:00:00,109782.47
2023-06-01T16:00:00,110035.87
2023-06-01T15:00:00,107617.3
2023-06-01T14:00:00,105424.45
2023-06-01T13:00:00,102091.29
2023-06-01T12:00:00,106166.71
2023-06-01T11:00:00,113426.8
2023-06-01T10:00:00,108975.97
2023-06-01T09:00:00,102316.22
2023-06-01T08:00:00,100704.52
2023-06-01T07:00:00,96705.4
2023-06-01T06:00:00,88464.51
2023-06-01T05:00:00,84054.57
2023-06-01T04:00:00,77382.37
2023-06-01T03:00:00,75925.24
2023-06-01T02:00:00,77349.91
2023-06-01T01:00:00,79616.91
2023-06-01T00:00:00,83579.26
2023-06-01T23:00:00,222.71
2023-06-01T22:00:00,242.82
2023-06-01T21:00:00,243.13
2023-06-01T20:00:00,244.79
2023-06-01T19:00:00,284.09
2023-06-01T18:00:00,309.14
2023-06-01T17:00:00,341.45
2023-06-01T16:00:00,369.74
2023-06-01T15:00:00,383.66
2023-06-01T14:00:00,380.16
2023-06-01T13:00:00,244.74
2023-06-01T12:00:00,230.93
2023-06-01T11:00:00,363.91
2023-06-01T10:00:00,466.03
2023-06-01T09:00:00,533.56
2023-06-01T08:00:00,533.72
2023-06-01T07:00:00,455.52
2023-06-01T06:00:00,271.06
2023-06-01T05:00:00,242.65
2023-06-01T04:00:00,207.15
2023-06-01T03:00:00,188.66
2023-06-01T02:00:00,212.6
2023-06-01T01:00:00,225.79
2023-06-01T00:00:00,201.61
2023-06-01T23:00:00,623.54
2023-06-01T22:00:00,669.2
2023-06-01T21:00:00,340.96
2023-06-01T20:00:00,1103.36
2023-06-01T19:00:00,1119.83
2023-06-01T18:00:00,981.34
2023-06-01T17:00:00,1007.17
2023-06-01T16:00:00,979.47
2023-06-01T15:00:00,1328.67
2023-06-01T14:00:00,1428.23
2023-06-01T13:00:00,1429.72
2023-06-01T12:00:00,1605.26
2023-06-01T11:00:00,1491.85
2023-06-01T10:00:00,1422.99
2023-06-01T09:00:00,1361.61
2023-06-01T08:00:00,1330.92
2023-06-01T07:00:00,1217.51
2023-06-01T06:00:00,1305.47
2023-06-01T05:00:00,1329.79
2023-06-01T04:00:00,1338.03
2023-06-01T03:00:00,1381.82
2023-06-01T02:00:00,1406.52
2023-06-01T01:00:00,1434.96
2023-06-01T00:00:00,1473.14
2023-06-01T23:00:00,28328.33
2023-06-01T22:00:00,30237.39
2023-06-01T21:00:00,32401.1
2023-06-01T20:00:00,33532.57
2023-06-01T19:00:00,33810.23
2023-06-01T18:00:00,32662.28
2023-06-01T17:00:00,31245.95
2023-06-01T16:00:00,32715.22
2023-06-01T15:00:00,35526.05
2023-06-01T14:00:00,40935.54
2023-06-01T13:00:00,39424.07
2023-06-01T12:00:00,36588.07
2023-06-01T11:00:00,39196.84
2023-06-01T10:00:00,37779.72
2023-06-01T09:00:00,35486.57
2023-06-01T08:00:00,33310.86
2023-06-01T07:00:00,30425.68
2023-06-01T06:00:00,27676.77
2023-06-01T05:00:00,27004.74
2023-06-01T04:00:00,27045.39
2023-06-01T03:00:00,27114.85
2023-06-01T02:00:00,27830.16
2023-06-01T01:00:00,28679.2
2023-06-01T00:00:00,29880.96
2023-06-01T23:00:00,61093.15
2023-06-01T22:00:00,74164.87
2023-06-01T21:00:00,91658.82
2023-06-01T20:00:00,105354.06
2023-06-01T19:00:00,114889.36
2023-06-01T18:00:00,110512.95
2023-06-01T17:00:00,103955.47
2023-06-01T16:00:00,100792.03
2023-06-01T15:00:00,98732.51
2023-06-01T14:00:00,92407.37
2023-06-01T13:00:00,96053.45
2023-06-01T12:00:00,101513.24
2023-06-01T11:00:00,105089.67
2023-06-01T10:00:00,101004.83
2023-06-01T09:00:00,97769.09
2023-06-01T08:00:00,96944.14
2023-06-01T07:00:00,96826.18
2023-06-01T06:00:00,99425.92
2023-06-01T05:00:00,73344.17
2023-06-01T04:00:00,53352.64
2023-06-01T03:00:00,48893.26
2023-06-01T02:00:00,48479.08
2023-06-01T01:00:00,50619.2
2023-06-01T00:00:00,54309.28
2023-06-01T23:00:00,56219.9
2023-06-01T22:00:00,66088.57
2023-06-01T21:00:00,76069.52
2023-06-01T20:00:00,82779.05
2023-06-01T19:00:00,89057.82
2023-06-01T18:00:00,86697.81
2023-06-01T17:00:00,84715.41
2023-06-01T16:00:00,85650.56
2023-06-01T15:00:00,86190.9
2023-06-01T14:00:00,86821.61
2023-06-01T13:00:00,87584.94
2023-06-01T12:00:00,90454.61
2023-06-01T11:00:00,90939.34
2023-06-01T10:00:00,87644.69
2023-06-01T09:00:00,82335.1
2023-06-01T08:00:00,75952.25
2023-06-01T07:00:00,68691.48
2023-06-01T06:00:00,62074.81
2023-06-01T05:00:00,53592.57
2023-06-01T04:00:00,47792.44
2023-06-01T03:00:00,45475.71
2023-06-01T02:00:00,45905.14
2023-06-01T01:00:00,48010.35
2023-06-01T00:00:00,51904.97
2023-06-01T23:00:00,182160.84
2023-06-01T22:00:00,197591.38
2023-06-01T21:00:00,210745.9
2023-06-01T20:00:00,217145.85
2023-06-01T19:00:00,223812.15
2023-06-01T18:00:00,228674.86
2023-06-01T17:00:00,228967.05
2023-06-01T16:00:00,238334.67
2023-06-01T15:00:00,243970.41
2023-06-01T14:00:00,243574.61
2023-06-01T13:00:00,229594.13
2023-06-01T12:00:00,213894.9
2023-06-01T11:00:00,227780.85
2023-06-01T10:00:00,225568.37
2023-06-01T09:00:00,216158.58
2023-06-01T08:00:00,206049.79
2023-06-01T07:00:00,188263.83
2023-06-01T06:00:00,170888.11
2023-06-01T05:00:00,164767.36
2023-06-01T04:00:00,164861.29
2023-06-01T03:00:00,165519.0
2023-06-01T02:00:00,169258.34
2023-06-01T01:00:00,174629.28
2023-06-01T00:00:00,181880.06
2023-06-01T23:00:00,833.57
2023-06-01T22:00:00,919.58
2023-06-01T21:00:00,1104.05
2023-06-01T20:00:00,1216.53
2023-06-01T19:00:00,1392.7
2023-06-01T18:00:00,1393.65
2023-06-01T17:00:00,1541.97
2023-06-01T16:00:00,1355.33
2023-06-01T15:00:00,1544.24
2023-06-01T14:00:00,1298.63
2023-06-01T13:00:00,1298.74
2023-06-01T12:00:00,1315.59
2023-06-01T11:00:00,1328.52
2023-06-01T10:00:00,1308.78
2023-06-01T09:00:00,1416.74
2023-06-01T08:00:00,1453.79
2023-06-01T07:00:00,1234.35
2023-06-01T06:00:00,1111.56
2023-06-01T05:00:00,1072.44
2023-06-01T04:00:00,1011.42
2023-06-01T03:00:00,834.77
2023-06-01T02:00:00,741.1
2023-06-01T01:00:00,742.14
2023-06-01T00:00:00,822.96
2023-06-01T23:00:00,6206.12
2023-06-01T22:00:00,6457.69
2023-06-01T21:00:00,7248.91
2023-06-01T20:00:00,8058.19
2023-06-01T19:00:00,8658.23
2023-06-01T18:00:00,9168.59
2023-06-01T17:00:00,10421.5
2023-06-01T16:00:00,11602.86
2023-06-01T15:00:00,12209.98
2023-06-01T14:00:00,12181.61
2023-06-01T13:00:00,11850.85
2023-06-01T12:00:00,12150.19
2023-06-01T11:00:00,12431.59
2023-06-01T10:00:00,11966.66
2023-06-01T09:00:00,11641.0
2023-06-01T08:00:00,11217.53
2023-06-01T07:00:00,9751.54
2023-06-01T06:00:00,7657.45
2023-06-01T05:00:00,6226.07
2023-06-01T04:00:00,5832.61
2023-06-01T03:00:00,5740.23
2023-06-01T02:00:00,5843.9
2023-06-01T01:00:00,6055.96
2023-06-01T00:00:00,6229.86
2023-06-01T23:00:00,2858.38
2023-06-01T22:00:00,3155.65
2023-06-01T21:00:00,3510.84
2023-06-01T20:00:00,3930.89
2023-06-01T19:00:00,4053.82
2023-06-01T18:00:00,4225.16
2023-06-01T17:00:00,4514.45
2023-06-01T16:00:00,5206.4
2023-06-01T15:00:00,5591.53
2023-06-01T14:00:00,5512.4
2023-06-01T13:00:00,5120.61
2023-06-01T12:00:00,5168.33
2023-06-01T11:00:00,5438.37
2023-06-01T10:00:00,5296.31
2023-06-01T09:00:00,5156.29
2023-06-01T08:00:00,4918.31
2023-06-01T07:00:00,4170.8
2023-06-01T06:00:00,3312.95
2023-06-01T05:00:00,2575.77
2023-06-01T04:00:00,2533.22
2023-06-01T03:00:00,2612.7
2023-06-01T02:00:00,2664.13
2023-06-01T01:00:00,2651.42
2023-06-01T00:00:00,2727.24
2023-06-01T23:00:00,18115.8
2023-06-01T22:00:00,19117.28
2023-06-01T21:00:00,21088.47
2023-06-01T20:00:00,22603.25
2023-06-01T19:00:00,23890.71
2023-06-01T18:00:00,25193.69
2023-06-01T17:00:00,27833.83
2023-06-01T16:00:00,31395.12
2023-06-01T15:00:00,33522.69
2023-06-01T14:00:00,33417.03
2023-06-01T13:00:00,32880.53
2023-06-01T12:00:00,33500.41
2023-06-01T11:00:00,34657.35
2023-06-01T10:00:00,34280.25
2023-06-01T09:00:00,33311.77
2023-06-01T08:00:00,31783.47
2023-06-01T07:00:00,27064.59
2023-06-01T06:00:00,21807.23
2023-06-01T05:00:00,17711.17
2023-06-01T04:00:00,16547.56
2023-06-01T03:00:00,16447.65
2023-06-01T02:00:00,16595.99
2023-06-01T01:00:00,17066.6
2023-06-01T00:00:00,17754.01
2023-06-01T23:00:00,1698.39
2023-06-01T22:00:00,1774.72
2023-06-01T21:00:00,1936.62
2023-06-01T20:00:00,2177.55
2023-06-01T19:00:00,2248.0
2023-06-01T18:00:00,2317.53
2023-06-01T17:00:00,2490.57
2023-06-01T16:00:00,2728.41
2023-06-01T15:00:00,2986.15
2023-06-01T14:00:00,3353.17
2023-06-01T13:00:00,3648.8
2023-06-01T12:00:00,3506.05
2023-06-01T11:00:00,3488.58
2023-06-01T10:00:00,3626.19
2023-06-01T09:00:00,3642.16
2023-06-01T08:00:00,3439.82
2023-06-01T07:00:00,3144.8
2023-06-01T06:00:00,2458.94
2023-06-01T05:00:00,1710.29
2023-06-01T04:00:00,1666.73
2023-06-01T03:00:00,1637.88
2023-06-01T02:00:00,1624.97
2023-06-01T01:00:00,1595.22
2023-06-01T00:00:00,1643.2
2023-06-01T23:00:00,2982.05
2023-06-01T22:00:00,3049.9
2023-06-01T21:00:00,3452.78
2023-06-01T20:00:00,4157.12
2023-06-01T19:00:00,4389.19
2023-06-01T18:00:00,4582.73
2023-06-01T17:00:00,4574.19
2023-06-01T16:00:00,4668.61
2023-06-01T15:00:00,4652.08
2023-06-01T14:00:00,4739.04
2023-06-01T13:00:00,4779.94
2023-06-01T12:00:00,4796.17
2023-06-01T11:00:00,4776.12
2023-06-01T10:00:00,4768.74
2023-06-01T09:00:00,4718.01
2023-06-01T08:00:00,4415.22
2023-06-01T07:00:00,4245.78
2023-06-01T06:00:00,3913.3
2023-06-01T05:00:00,3097.24
2023-06-01T04:00:00,2899.63
2023-06-01T03:00:00,2911.75
2023-06-01T02:00:00,2974.0
2023-06-01T01:00:00,2979.16
2023-06-01T00:00:00,3007.36
2023-06-01T23:00:00,99136.13
2023-06-01T22:00:00,111640.63
2023-06-01T21:00:00,125768.93
2023-06-01T20:00:00,135916.44
2023-06-01T19:00:00,142561.7
2023-06-01T18:00:00,143112.55
2023-06-01T17:00:00,141278.69
2023-06-01T16:00:00,145900.43
2023-06-01T15:00:00,149964.15
2023-06-01T14:00:00,148043.2
2023-06-01T13:00:00,142328.42
2023-06-01T12:00:00,140627.58
2023-06-01T11:00:00,142614.03
2023-06-01T10:00:00,136338.14
2023-06-01T09:00:00,128495.25
2023-06-01T08:00:00,121072.38
2023-06-01T07:00:00,110205.39
2023-06-01T06:00:00,101200.36
2023-06-01T05:00:00,90491.03
2023-06-01T04:00:00,88858.44
2023-06-01T03:00:00,88502.1
2023-06-01T02:00:00,90905.1
2023-06-01T01:00:00,93135.49
2023-06-01T00:00:00,98610.85
2023-06-01T23:00:00,222692.09
2023-06-01T22:00:00,245661.82
2023-06-01T21:00:00,271039.15
2023-06-01T20:00:00,289504.69
2023-06-01T19:00:00,302809.54
2023-06-01T18:00:00,300070.17
2023-06-01T17:00:00,278179.09
2023-06-01T16:00:00,285650.89
2023-06-01T15:00:00,286922.22
2023-06-01T14:00:00,285140.12
2023-06-01T13:00:00,274248.57
2023-06-01T12:00:00,270095.77
2023-06-01T11:00:00,286240.54
2023-06-01T10:00:00,281783.62
2023-06-01T09:00:00,272099.06
2023-06-01T08:00:00,264246.51
2023-06-01T07:00:00,243069.26
2023-06-01T06:00:00,217112.05
2023-06-01T05:00:00,211813.82
2023-06-01T04:00:00,203020.69
2023-06-01T03:00:00,203914.45
2023-06-01T02:00:00,211077.27
2023-06-01T01:00:00,219291.3
2023-06-01T00:00:00,232198.48
2023-06-01T23:00:00,27128.85
2023-06-01T22:00:00,30903.0
2023-06-01T21:00:00,35511.35
2023-06-01T20:00:00,39423.67
2023-06-01T19:00:00,42215.76
2023-06-01T18:00:00,42580.6
2023-06-01T17:00:00,40382.18
2023-06-01T16:00:00,41807.78
2023-06-01T15:00:00,42678.97
2023-06-01T14:00:00,41705.12
2023-06-01T13:00:00,38594.75
2023-06-01T12:00:00,38485.2
2023-06-01T11:00:00,40311.12
2023-06-01T10:00:00,38190.78
2023-06-01T09:00:00,35176.94
2023-06-01T08:00:00,32757.83
2023-06-01T07:00:00,29131.95
2023-06-01T06:00:00,25404.16
2023-06-01T05:00:00,23013.62
2023-06-01T04:00:00,20667.33
2023-06-01T03:00:00,21151.05
2023-06-01T02:00:00,21515.95
2023-06-01T01:00:00,22171.49
2023-06-01T00:00:00,23684.31
2023-06-01T23:00:00,26624.15
2023-06-01T22:00:00,29744.14
2023-06-01T21:00:00,33049.31
2023-06-01T20:00:00,37201.67
2023-06-01T19:00:00,41351.91
2023-06-01T18:00:00,45269.55
2023-06-01T17:00:00,48341.7
2023-06-01T16:00:00,52473.61
2023-06-01T15:00:00,54083.27
2023-06-01T14:00:00,52918.3
2023-06-01T13:00:00,49731.92
2023-06-01T12:00:00,48723.11
2023-06-01T11:00:00,50276.13
2023-06-01T10:00:00,49066.3
2023-06-01T09:00:00,43881.18
2023-06-01T08:00:00,39562.91
2023-06-01T07:00:00,33606.09
2023-06-01T06:00:00,27263.4
2023-06-01T05:00:00,22182.22
2023-06-01T04:00:00,20615.96
2023-06-01T03:00:00,20658.94
2023-06-01T02:00:00,21237.94
2023-06-01T01:00:00,22384.86
2023-06-01T00:00:00,24754.93
2023-06-01T23:00:00,57732.92
2023-06-01T22:00:00,67028.61
2023-06-01T21:00:00,82077.34
2023-06-01T20:00:00,94354.06
2023-06-01T19:00:00,102646.16
2023-06-01T18:00:00,99219.97
2023-06-01T17:00:00,90772.31
2023-06-01T16:00:00,87682.98
2023-06-01T15:00:00,83538.25
2023-06-01T14:00:00,82310.56
2023-06-01T13:00:00,82551.36
2023-06-01T12:00:00,83742.41
2023-06-01T11:00:00,87831.36
2023-06-01T10:00:00,80886.59
2023-06-01T09:00:00,79042.1
2023-06-01T08:00:00,76966.19
2023-06-01T07:00:00,76761.72
2023-06-01T06:00:00,79123.04
2023-06-01T05:00:00,68730.25
2023-06-01T04:00:00,55151.55
2023-06-01T03:00:00,49512.87
2023-06-01T02:00:00,48929.26
2023-06-01T01:00:00,49851.21
2023-06-01T00:00:00,53465.7
2023-06-01T23:00:00,672950.46
2023-06-01T22:00:00,771586.23
2023-06-01T21:00:00,877166.57
2023-06-01T20:00:00,961699.76
2023-06-01T19:00:00,1017279.8
2023-06-01T18:00:00,989637.32
2023-06-01T17:00:00,951465.89
2023-06-01T16:00:00,979311.59
2023-06-01T15:00:00,995817.16
2023-06-01T14:00:00,998577.08
2023-06-01T13:00:00,1001828.53
2023-06-01T12:00:00,1023386.1
2023-06-01T11:00:00,1022965.36
2023-06-01T10:00:00,983162.94
2023-06-01T09:00:00,933734.43
2023-06-01T08:00:00,891768.24
2023-06-01T07:00:00,848651.22
2023-06-01T06:00:00,798671.7
2023-06-01T05:00:00,704880.69
2023-06-01T04:00:00,600939.1
2023-06-01T03:00:00,549508.16
2023-06-01T02:00:00,550176.9
2023-06-01T01:00:00,562162.32
2023-06-01T00:00:00,602521.48
2023-06-01T23:00:00,1188.17
2023-06-01T22:00:00,1308.57
2023-06-01T21:00:00,1513.11
2023-06-01T20:00:00,1693.16
2023-06-01T19:00:00,1824.25
2023-06-01T18:00:00,1783.03
2023-06-01T17:00:00,1624.98
2023-06-01T16:00:00,1635.21
2023-06-01T15:00:00,1603.44
2023-06-01T14:00:00,1582.06
2023-06-01T13:00:00,1568.27
2023-06-01T12:00:00,1597.4
2023-06-01T11:00:00,1640.32
2023-06-01T10:00:00,1555.1
2023-06-01T09:00:00,1493.89
2023-06-01T08:00:00,1479.33
2023-06-01T07:00:00,1362.49
2023-06-01T06:00:00,1229.85
2023-06-01T05:00:00,1192.51
2023-06-01T04:00:00,1140.14
2023-06-01T03:00:00,1128.21
2023-06-01T02:00:00,1147.42
2023-06-01T01:00:00,1164.62
2023-06-01T00:00:00,1168.8
2023-06-01T23:00:00,7317.99
2023-06-01T22:00:00,8581.48
2023-06-01T21:00:00,10084.72
2023-06-01T20:00:00,11256.02
2023-06-01T19:00:00,11940.48
2023-06-01T18:00:00,11665.45
2023-06-01T17:00:00,10516.46
2023-06-01T16:00:00,8838.1
2023-06-01T15:00:00,8726.36
2023-06-01T14:00:00,8474.39
2023-06-01T13:00:00,7979.98
2023-06-01T12:00:00,8019.06
2023-06-01T11:00:00,8527.52
2023-06-01T10:00:00,8491.94
2023-06-01T09:00:00,9195.72
2023-06-01T08:00:00,7688.3
2023-06-01T07:00:00,6404.8
2023-06-01T06:00:00,6443.91
2023-06-01T05:00:00,6625.86
2023-06-01T04:00:00,6084.54
2023-06-01T03:00:00,5988.84
2023-06-01T02:00:00,6062.32
2023-06-01T01:00:00,6224.7
2023-06-01T00:00:00,6575.48
2023-06-01T23:00:00,51882.29
2023-06-01T22:00:00,55434.69
2023-06-01T21:00:00,60097.51
2023-06-01T20:00:00,63168.11
2023-06-01T19:00:00,65103.68
2023-06-01T18:00:00,64159.24
2023-06-01T17:00:00,58402.58
2023-06-01T16:00:00,58985.08
2023-06-01T15:00:00,60245.25
2023-06-01T14:00:00,62801.57
2023-06-01T13:00:00,63711.18
2023-06-01T12:00:00,61491.09
2023-06-01T11:00:00,64846.26
2023-06-01T10:00:00,63342.1
2023-06-01T09:00:00,59816.96
2023-06-01T08:00:00,56472.35
2023-06-01T07:00:00,51564.85
2023-06-01T06:00:00,47328.82
2023-06-01T05:00:00,48112.07
2023-06-01T04:00:00,48385.27
2023-06-01T03:00:00,48169.06
2023-06-01T02:00:00,48906.61
2023-06-01T01:00:00,50625.83
2023-06-01T00:00:00,52860.91
2023-06-01T23:00:00,72052.88
2023-06-01T22:00:00,83122.15
2023-06-01T21:00:00,100460.46
2023-06-01T20:00:00,113174.83
2023-06-01T19:00:00,121739.47
2023-06-01T18:00:00,119637.45
2023-06-01T17:00:00,114974.97
2023-06-01T16:00:00,115507.36
2023-06-01T15:00:00,113160.99
2023-06-01T14:00:00,113661.71
2023-06-01T13:00:00,108536.52
2023-06-01T12:00:00,115460.77
2023-06-01T11:00:00,119205.51
2023-06-01T10:00:00,116509.81
2023-06-01T09:00:00,116845.6
2023-06-01T08:00:00,112030.11
2023-06-01T07:00:00,110463.54
2023-06-01T06:00:00,110653.1
2023-06-01T05:00:00,86977.24
2023-06-01T04:00:00,66428.28
2023-06-01T03:00:00,61146.41
2023-06-01T02:00:00,59275.0
2023-06-01T01:00:00,61174.62
2023-06-01T00:00:00,63659.45
2023-06-01T23:00:00,42365.01
2023-06-01T22:00:00,50536.78
2023-06-01T21:00:00,59246.02
2023-06-01T20:00:00,64978.22
2023-06-01T19:00:00,68175.96
2023-06-01T18:00:00,66229.5
2023-06-01T17:00:00,60288.7
2023-06-01T16:00:00,60384.23
2023-06-01T15:00:00,61434.08
2023-06-01T14:00:00,61975.73
2023-06-01T13:00:00,61292.65
2023-06-01T12:00:00,62559.57
2023-06-01T11:00:00,64163.95
2023-06-01T10:00:00,59937.66
2023-06-01T09:00:00,56406.97
2023-06-01T08:00:00,53259.62
2023-06-01T07:00:00,49588.47
2023-06-01T06:00:00,44783.24
2023-06-01T05:00:00,41583.62
2023-06-01T04:00:00,35633.33
2023-06-01T03:00:00,33921.96
2023-06-01T02:00:00,34393.03
2023-06-01T01:00:00,35668.48
2023-06-01T00:00:00,38217.63
2023-06-01T23:00:00,104.16
2023-06-01T22:00:00,99.84
2023-06-01T21:00:00,99.42
2023-06-01T20:00:00,112.92
2023-06-01T19:00:00,107.98
2023-06-01T18:00:00,111.13
2023-06-01T17:00:00,112.42
2023-06-01T16:00:00,122.04
2023-06-01T15:00:00,132.27
2023-06-01T14:00:00,128.47
2023-06-01T13:00:00,119.51
2023-06-01T12:00:00,127.13
2023-06-01T11:00:00,104.23
2023-06-01T10:00:00,116.81
2023-06-01T09:00:00,113.69
2023-06-01T08:00:00,100.33
2023-06-01T07:00:00,98.94
2023-06-01T06:00:00,98.57
2023-06-01T05:00:00,94.35
2023-06-01T04:00:00,89.15
2023-06-01T03:00:00,75.1
2023-06-01T02:00:00,79.87
2023-06-01T01:00:00,80.14
2023-06-01T00:00:00,77.46
2023-06-01T23:00:00,932077.82
2023-06-01T22:00:00,982967.22
2023-06-01T21:00:00,991752.88
2023-06-01T20:00:00,964219.64
2023-06-01T19:00:00,925035.48
2023-06-01T18:00:00,844197.28
2023-06-01T17:00:00,802433.16
2023-06-01T16:00:00,827096.1
2023-06-01T15:00:00,844348.6
2023-06-01T14:00:00,840922.74
2023-06-01T13:00:00,813260.04
2023-06-01T12:00:00,775332.58
2023-06-01T11:00:00,777386.35
2023-06-01T10:00:00,763905.51
2023-06-01T09:00:00,741234.54
2023-06-01T08:00:00,736949.46
2023-06-01T07:00:00,713643.95
2023-06-01T06:00:00,705895.67
2023-06-01T05:00:00,750952.17
2023-06-01T04:00:00,812144.08
2023-06-01T03:00:00,837884.0
2023-06-01T02:00:00,867470.53
2023-06-01T01:00:00,902157.76
2023-06-01T00:00:00,940960.19
2023-06-01T23:00:00,124655.66
2023-06-01T22:00:00,132945.54
2023-06-01T21:00:00,148475.25
2023-06-01T20:00:00,165193.41
2023-06-01T19:00:00,178744.61
2023-06-01T18:00:00,187691.89
2023-06-01T17:00:00,199959.06
2023-06-01T16:00:00,214357.33
2023-06-01T15:00:00,222084.35
2023-06-01T14:00:00,223470.16
2023-06-01T13:00:00,216978.44
2023-06-01T12:00:00,213836.66
2023-06-01T11:00:00,221961.43
2023-06-01T10:00:00,219390.92
2023-06-01T09:00:00,208487.59
2023-06-01T08:00:00,198720.09
2023-06-01T07:00:00,177579.93
2023-06-01T06:00:00,144913.55
2023-06-01T05:00:00,121564.85
2023-06-01T04:00:00,116105.41
2023-06-01T03:00:00,115357.66
2023-06-01T02:00:00,116524.82
2023-06-01T01:00:00,119975.68
2023-06-01T00:00:00,125536.39
2023-06-01T23:00:00,208772.01
2023-06-01T22:00:00,242307.74
2023-06-01T21:00:00,274632.06
2023-06-01T20:00:00,294020.92
2023-06-01T19:00:00,308811.26
2023-06-01T18:00:00,299951.49
2023-06-01T17:00:00,308687.47
2023-06-01T16:00:00,327260.24
2023-06-01T15:00:00,327949.22
2023-06-01T14:00:00,329653.13
2023-06-01T13:00:00,333572.22
2023-06-01T12:00:00,337694.81
2023-06-01T11:00:00,341486.38
2023-06-01T10:00:00,322948.5
2023-06-01T09:00:00,303889.84
2023-06-01T08:00:00,282004.95
2023-06-01T07:00:00,249346.58
2023-06-01T06:00:00,225798.77
2023-06-01T05:00:00,192058.63
2023-06-01T04:00:00,176447.61
2023-06-01T03:00:00,174534.32
2023-06-01T02:00:00,179422.28
2023-06-01T01:00:00,189628.11
2023-06-01T00:00:00,204084.79
2023-06-01T23:00:00,1424.67
2023-06-01T22:00:00,1562.96
2023-06-01T21:00:00,1780.69
2023-06-01T20:00:00,2028.44
2023-06-01T19:00:00,2315.65
2023-06-01T18:00:00,2431.88
2023-06-01T17:00:00,2609.25
2023-06-01T16:00:00,2821.54
2023-06-01T15:00:00,2873.93
2023-06-01T14:00:00,2776.33
2023-06-01T13:00:00,2575.79
2023-06-01T12:00:00,2763.09
2023-06-01T11:00:00,3067.47
2023-06-01T10:00:00,2975.58
2023-06-01T09:00:00,2781.97
2023-06-01T08:00:00,2439.32
2023-06-01T07:00:00,1942.73
2023-06-01T06:00:00,1500.4
2023-06-01T05:00:00,1347.76
2023-06-01T04:00:00,1244.54
2023-06-01T03:00:00,1236.81
2023-06-01T02:00:00,1253.46
2023-06-01T01:00:00,1314.45
2023-06-01T00:00:00,1392.48
2023-06-01T23:00:00,21649.57
2023-06-01T22:00:00,24148.98
2023-06-01T21:00:00,26747.96
2023-06-01T20:00:00,30057.0
2023-06-01T19:00:00,33711.64
2023-06-01T18:00:00,35158.0
2023-06-01T17:00:00,36855.59
2023-06-01T16:00:00,38622.92
2023-06-01T15:00:00,39419.61
2023-06-01T14:00:00,38625.47
2023-06-01T13:00:00,38214.3
2023-06-01T12:00:00,37575.68
2023-06-01T11:00:00,37302.44
2023-06-01T10:00:00,35893.58
2023-06-01T09:00:00,35614.65
2023-06-01T08:00:00,33938.96
2023-06-01T07:00:00,28620.79
2023-06-01T06:00:00,23830.92
2023-06-01T05:00:00,19744.99
2023-06-01T04:00:00,19272.85
2023-06-01T03:00:00,19481.38
2023-06-01T02:00:00,19371.31
2023-06-01T01:00:00,20217.82
2023-06-01T00:00:00,21379.03
2023-06-01T23:00:00,3030.41
2023-06-01T22:00:00,3345.15
2023-06-01T21:00:00,3709.93
2023-06-01T20:00:00,3842.83
2023-06-01T19:00:00,3986.94
2023-06-01T18:00:00,3994.54
2023-06-01T17:00:00,4037.9
2023-06-01T16:00:00,4319.55
2023-06-01T15:00:00,4441.05
2023-06-01T14:00:00,4482.43
2023-06-01T13:00:00,4417.08
2023-06-01T12:00:00,4477.56
2023-06-01T11:00:00,4430.17
2023-06-01T10:00:00,4302.03
2023-06-01T09:00:00,4109.51
2023-06-01T08:00:00,3767.78
2023-06-01T07:00:00,3359.71
2023-06-01T06:00:00,3053.48
2023-06-01T05:00:00,2676.82
2023-06-01T04:00:00,2509.93
2023-06-01T03:00:00,2523.4
2023-06-01T02:00:00,2601.39
2023-06-01T01:00:00,2744.72
2023-06-01T00:00:00,2920.12
2023-06-01T23:00:00,909.76
2023-06-01T22:00:00,1116.9
2023-06-01T21:00:00,964.62
2023-06-01T20:00:00,1005.03
2023-06-01T19:00:00,1046.36
2023-06-01T18:00:00,970.28
2023-06-01T17:00:00,1145.1
2023-06-01T16:00:00,1208.49
2023-06-01T15:00:00,1252.8
2023-06-01T14:00:00,766.62
2023-06-01T13:00:00,1130.22
2023-06-01T12:00:00,1948.86
2023-06-01T11:00:00,1563.51
2023-06-01T10:00:00,1302.3
2023-06-01T09:00:00,1247.79
2023-06-01T08:00:00,923.67
2023-06-01T07:00:00,1353.81
2023-06-01T06:00:00,1200.02
2023-06-01T05:00:00,910.01
2023-06-01T04:00:00,605.77
2023-06-01T03:00:00,508.66
2023-06-01T02:00:00,354.75
2023-06-01T01:00:00,824.61
2023-06-01T00:00:00,733.95
2023-06-01T23:00:00,90933.03
2023-06-01T22:00:00,108970.76
2023-06-01T21:00:00,128853.59
2023-06-01T20:00:00,143728.27
2023-06-01T19:00:00,151356.39
2023-06-01T18:00:00,145520.22
2023-06-01T17:00:00,135638.54
2023-06-01T16:00:00,131941.07
2023-06-01T15:00:00,131178.96
2023-06-01T14:00:00,131696.62
2023-06-01T13:00:00,132259.93
2023-06-01T12:00:00,136629.77
2023-06-01T11:00:00,141311.89
2023-06-01T10:00:00,133151.93
2023-06-01T09:00:00,125051.17
2023-06-01T08:00:00,118966.12
2023-06-01T07:00:00,115648.38
2023-06-01T06:00:00,112362.09
2023-06-01T05:00:00,94689.93
2023-06-01T04:00:00,76612.79
2023-06-01T03:00:00,71503.86
2023-06-01T02:00:00,72233.01
2023-06-01T01:00:00,75055.18
2023-06-01T00:00:00,81112.66
2023-06-01T23:00:00,955012.06
2023-06-01T22:00:00,1000401.51
2023-06-01T21:00:00,1004399.72
2023-06-01T20:00:00,974524.03
2023-06-01T19:00:00,926520.87
2023-06-01T18:00:00,861301.02
2023-06-01T17:00:00,848563.4
2023-06-01T16:00:00,891149.28
2023-06-01T15:00:00,929498.3
2023-06-01T14:00:00,941956.91
2023-06-01T13:00:00,929422.18
2023-06-01T12:00:00,889254.95
2023-06-01T11:00:00,879396.25
2023-06-01T10:00:00,860169.55
2023-06-01T09:00:00,826324.67
2023-06-01T08:00:00,789075.68
2023-06-01T07:00:00,750444.12
2023-06-01T06:00:00,723685.75
2023-06-01T05:00:00,758635.99
2023-06-01T04:00:00,813763.51
2023-06-01T03:00:00,839531.75
2023-06-01T02:00:00,864804.11
2023-06-01T01:00:00,897021.59
2023-06-01T00:00:00,930600.24
2023-06-01T23:00:00,1164.72
2023-06-01T22:00:00,1461.72
2023-06-01T21:00:00,1833.15
2023-06-01T20:00:00,2123.79
2023-06-01T19:00:00,2386.64
2023-06-01T18:00:00,2341.98
2023-06-01T17:00:00,1875.71
2023-06-01T16:00:00,1616.5
