Fecha,Capacidad acumulada [MW]
2022-01-01,17263.262
2022-01-02,17263.262
2022-01-03,17263.262
2022-01-04,17263.262
2022-01-05,17263.262
2022-01-06,17263.262
2022-01-07,17263.262
2022-01-08,17263.262
2022-01-09,17263.262
2022-01-10,17263.262
2022-01-11,17263.262
2022-01-12,17263.262
2022-01-13,17263.262
2022-01-14,17263.262
2022-01-15,17263.262
2022-01-16,17263.262
2022-01-17,17263.262
2022-01-18,17263.262
2022-01-19,17263.262
2022-01-20,17263.262
2022-01-21,17263.262
2022-01-22,17263.262
2022-01-23,17263.262
2022-01-24,17263.262
2022-01-25,17263.262
2022-01-26,17263.262
2022-01-27,17263.262
2022-01-28,17263.262
2022-01-29,17263.262
2022-01-30,17263.262
2022-01-31,17263.262
2022-02-01,17263.262
2022-02-02,17263.262
2022-02-03,17263.262
2022-02-04,17263.262
2022-02-05,17263.262
2022-02-06,17263.262
2022-02-07,17263.262
2022-02-08,17263.262
2022-02-09,17263.262
2022-02-10,17263.262
2022-02-11,17263.262
2022-02-12,17263.262
2022-02-13,17263.262
2022-02-14,17263.262
2022-02-15,17263.262
2022-02-16,17263.262
2022-02-17,17263.262
2022-02-18,17263.262
2022-02-19,17263.262
2022-02-20,17263.262
2022-02-21,17263.262
2022-02-22,17263.262
2022-02-23,17263.262
2022-02-24,17263.262
2022-02-25,17263.262
2022-02-26,17263.262
2022-02-27,17263.262
2022-02-28,17263.262
2022-03-01,17263.262
2022-03-02,17263.262
2022-03-03,17263.262
2022-03-04,17263.262
2022-03-05,17263.262
2022-03-06,17263.262
2022-03-07,17263.262
2022-03-08,17263.262
2022-03-09,17263.262
2022-03-10,17263.262
2022-03-11,17263.262
2022-03-12,17263.262
2022-03-13,17263.262
2022-03-14,17263.262
2022-03-15,17263.262
2022-03-16,17263.262
2022-03-17,17263.262
2022-03-18,17263.262
2022-03-19,17263.262
2022-03-20,17263.262
2022-03-21,17263.262
2022-03-22,17263.262
2022-03-23,17263.262
2022-03-24,17263.262
2022-03-25,17263.262
2022-03-26,17263.262
2022-03-27,17263.262
2022-03-28,17263.262
2022-03-29,17263.262
2022-03-30,17264.207
2022-03-31,17264.207
2022-04-01,17264.207
2022-04-02,17264.207
2022-04-03,17264.207
2022-04-04,17264.207
2022-04-05,17264.207
2022-04-06,17264.207
2022-04-07,17264.207
2022-04-08,17264.207
2022-04-09,17264.207
2022-04-10,17264.207
2022-04-11,17264.207
2022-04-12,17264.207
2022-04-13,17264.207
2022-04-14,17264.207
2022-04-15,17264.207
2022-04-16,17264.207
2022-04-17,17264.207
2022-04-18,17264.207
2022-04-19,17264.207
2022-04-20,17264.207
2022-04-21,17264.207
2022-04-22,17264.207
2022-04-23,17264.207
2022-04-24,17264.207
2022-04-25,17265.717
2022-04-26,17265.717
2022-04-27,17265.717
2022-04-28,17265.717
2022-04-29,17265.717
2022-04-30,17265.717
2022-05-01,17265.717
2022-05-02,17265.717
2022-05-03,17265.717
2022-05-04,17265.717
2022-05-05,17265.717
2022-05-06,17265.717
2022-05-07,17265.717
2022-05-08,17265.717
2022-05-09,17265.717
2022-05-10,17265.717
2022-05-11,17265.717
2022-05-12,17265.717
2022-05-13,17265.717
2022-05-14,17265.717
2022-05-15,17265.717
2022-05-16,17265.717
2022-05-17,17265.717
2022-05-18,17265.717
2022-05-19,17275.617
2022-05-20,17275.617
2022-05-21,17275.617
2022-05-22,17275.617
2022-05-23,17275.617
2022-05-24,17275.617
2022-05-25,17275.617
2022-05-26,17275.617
2022-05-27,17275.617
2022-05-28,17275.617
2022-05-29,17275.617
2022-05-30,17275.617
2022-05-31,17291.617
2022-06-01,17291.617
2022-06-02,17291.617
2022-06-03,17291.617
2022-06-04,17291.617
2022-06-05,17291.617
2022-06-06,17291.617
2022-06-07,17291.617
2022-06-08,17291.617
2022-06-09,17291.617
2022-06-10,17291.617
2022-06-11,17291.617
2022-06-12,17291.617
2022-06-13,17291.617
2022-06-14,17291.617
2022-06-15,17291.617
2022-06-16,17291.617
2022-06-17,17291.617
2022-06-18,17291.617
2022-06-19,17291.617
2022-06-20,17291.617
2022-06-21,17291.617
2022-06-22,17291.617
2022-06-23,17291.617
2022-06-24,17291.617
2022-06-25,17291.617
2022-06-26,17291.617
2022-06-27,17291.617
2022-06-28,17291.617
2022-06-29,17291.617
2022-06-30,17291.617
2022-07-01,17291.617
2022-07-02,17291.617
2022-07-03,17291.617
2022-07-04,17291.617
2022-07-05,17291.617
2022-07-06,17291.617
2022-07-07,17291.617
2022-07-08,17291.617
2022-07-09,17291.617
2022-07-10,17291.617
2022-07-11,17291.617
2022-07-12,17291.617
2022-07-13,17291.617
2022-07-14,17291.617
2022-07-15,17291.617
2022-07-16,17291.617
2022-07-17,17291.617
2022-07-18,17291.617
2022-07-19,17291.617
2022-07-20,17291.617
2022-07-21,17291.617
2022-07-22,17291.617
2022-07-23,17291.617
2022-07-24,17291.617
2022-07-25,17291.617
2022-07-26,17291.617
2022-07-27,17291.617
2022-07-28,17291.617
2022-07-29,17291.617
2022-07-30,17291.617
2022-07-31,17291.617
2022-08-01,17291.617
2022-08-02,17291.617
2022-08-03,17291.617
2022-08-04,17291.617
2022-08-05,17291.617
2022-08-06,17291.617
2022-08-07,17291.617
2022-08-08,17291.617
2022-08-09,17291.617
2022-08-10,17291.617
2022-08-11,17291.617
2022-08-12,17291.617
2022-08-13,17291.617
2022-08-14,17291.617
2022-08-15,17291.617
2022-08-16,17291.617
2022-08-17,17291.617
2022-08-18,17291.617
2022-08-19,17291.617
2022-08-20,17291.617
2022-08-21,17291.617
2022-08-22,17291.617
2022-08-23,17291.617
2022-08-24,17291.617
2022-08-25,17291.617
2022-08-26,17291.617
2022-08-27,17291.617
2022-08-28,17291.617
2022-08-29,17291.617
2022-08-30,17291.617
2022-08-31,17291.617
2022-09-01,17291.617
2022-09-02,17291.617
2022-09-03,17291.617
2022-09-04,17291.617
2022-09-05,17291.617
2022-09-06,17291.617
2022-09-07,17291.617
2022-09-08,17291.617
2022-09-09,17291.617
2022-09-10,17291.617
2022-09-11,17291.617
2022-09-12,17329.417
2022-09-13,17329.417
2022-09-14,17529.417
2022-09-15,17529.417
2022-09-16,17529.417
2022-09-17,17529.417
2022-09-18,17529.417
2022-09-19,17529.417
2022-09-20,17529.417
2022-09-21,17529.417
2022-09-22,17529.417
2022-09-23,17529.417
2022-09-24,17529.417
2022-09-25,17529.417
2022-09-26,17529.417
2022-09-27,17529.417
2022-09-28,17529.417
2022-09-29,17529.417
2022-09-30,17529.417
2022-10-01,17529.417
2022-10-02,17529.417
2022-10-03,17529.417
2022-10-04,17529.417
2022-10-05,17529.417
2022-10-06,17529.417
2022-10-07,17529.417
2022-10-08,17529.417
2022-10-09,17529.417
2022-10-10,17529.417
2022-10-11,17529.417
2022-10-12,17529.417
2022-10-13,17529.417
2022-10-14,17529.417
2022-10-15,17529.417
2022-10-16,17529.417
2022-10-17,17529.417
2022-10-18,17529.417
2022-10-19,17529.417
2022-10-20,17529.417
2022-10-21,17529.417
2022-10-22,17529.417
2022-10-23,17529.417
2022-10-24,17529.417
2022-10-25,17529.417
2022-10-26,17529.417
2022-10-27,17529.417
2022-10-28,17529.417
2022-10-29,17529.417
2022-10-30,17529.417
2022-10-31,17529.417
2022-11-01,17529.417
2022-11-02,17529.417
2022-11-03,17529.417
2022-11-04,17529.417
2022-11-05,17529.417
2022-11-06,17529.417
2022-11-07,17529.417
2022-11-08,17529.417
2022-11-09,17529.417
2022-11-10,17529.417
2022-11-11,17529.417
2022-11-12,17529.417
2022-11-13,17529.417
2022-11-14,17529.417
2022-11-15,17529.417
2022-11-16,17529.417
2022-11-17,17529.417
2022-11-18,17529.417
2022-11-19,17529.417
2022-11-20,17529.417
2022-11-21,17529.417
2022-11-22,17529.417
2022-11-23,17529.417
2022-11-24,17529.417
2022-11-25,17529.417
2022-11-26,17529.417
2022-11-27,17529.417
2022-11-28,17529.417
2022-11-29,17529.417
2022-11-30,17529.417
2022-12-01,18729.417
2022-12-02,18729.417
2022-12-03,18729.417
2022-12-04,18729.417
2022-12-05,18729.417
2022-12-06,18729.417
2022-12-07,18729.417
2022-12-08,18729.417
2022-12-09,18729.417
2022-12-10,18729.417
2022-12-11,18729.417
2022-12-12,18729.417
2022-12-13,18729.417
2022-12-14,18729.417
2022-12-15,18729.417
2022-12-16,18729.417
2022-12-17,18729.417
2022-12-18,18729.417
2022-12-19,18729.417
2022-12-20,18729.417
2022-12-21,18729.417
2022-12-22,18729.417
2022-12-23,18729.417
2022-12-24,18729.417
2022-12-25,18729.417
2022-12-26,18729.417
2022-12-27,18729.417
2022-12-28,18729.417
2022-12-29,18729.417
2022-12-30,18734.407
2022-12-31,18734.407
2023-01-01,18734.407
2023-01-02,18734.407
2023-01-03,18734.407
2023-01-04,18734.407
2023-01-05,18734.407
2023-01-06,18734.407
2023-01-07,18734.407
2023-01-08,18734.407
2023-01-09,18734.407
2023-01-10,18734.407
2023-01-11,18734.407
2023-01-12,18734.407
2023-01-13,18734.407
2023-01-14,18734.407
2023-01-15,18734.407
2023-01-16,18734.407
2023-01-17,18734.407
2023-01-18,18734.407
2023-01-19,18734.407
2023-01-20,18734.407
2023-01-21,18734.407
2023-01-22,18734.407
2023-01-23,18734.407
2023-01-24,18734.407
2023-01-25,18734.407
2023-01-26,18734.407
2023-01-27,18734.407
2023-01-28,18734.407
2023-01-29,18734.407
2023-01-30,18734.407
2023-01-31,18734.407
2023-02-01,18734.407
2023-02-02,18734.407
2023-02-03,18734.407
2023-02-04,18734.407
2023-02-05,18734.407
2023-02-06,18734.407
2023-02-07,18734.407
2023-02-08,18734.407
2023-02-09,18734.407
2023-02-10,18734.407
2023-02-11,18734.407
2023-02-12,18734.407
2023-02-13,18734.407
2023-02-14,18734.407
2023-02-15,18734.407
2023-02-16,18734.407
2023-02-17,18734.407
2023-02-18,18734.407
2023-02-19,18734.407
2023-02-20,18734.407
2023-02-21,18734.407
2023-02-22,18734.407
2023-02-23,18734.407
2023-02-24,18734.407
2023-02-25,18734.407
2023-02-26,18734.407
2023-02-27,18734.407
2023-02-28,18734.407
2023-03-01,18734.407
2023-03-02,18734.407
2023-03-03,18734.407
2023-03-04,18734.407
2023-03-05,18734.407
2023-03-06,18734.407
2023-03-07,18734.407
2023-03-08,18734.407
2023-03-09,18734.407
2023-03-10,18734.407
2023-03-11,18734.407
2023-03-12,18734.407
2023-03-13,18734.407
2023-03-14,18734.407
2023-03-15,18734.407
2023-03-16,18734.407
2023-03-17,18734.407
2023-03-18,18734.407
2023-03-19,18734.407
2023-03-20,18734.407
2023-03-21,18734.407
2023-03-22,18734.407
2023-03-23,18734.407
2023-03-24,18734.4234
2023-03-25,18734.4234
2023-03-26,18734.4234
2023-03-27,18734.4234
2023-03-28,18734.4234
2023-03-29,18734.4234
2023-03-30,18734.4234
2023-03-31,18734.4234
2023-04-01,18734.4234
2023-04-02,18734.4234
2023-04-03,18734.4234
2023-04-04,18734.4234
2023-04-05,18734.4234
2023-04-06,18734.4234
2023-04-07,18734.4234
2023-04-08,18734.4234
2023-04-09,18734.4234
2023-04-10,18734.4234
2023-04-11,18734.4234
2023-04-12,18734.4234
2023-04-13,18734.4234
2023-04-14,18734.4234
2023-04-15,18734.4234
2023-04-16,18734.4234
2023-04-17,18734.4234
2023-04-18,18734.4234
2023-04-19,18734.4234
2023-04-20,18734.4234
2023-04-21,18734.4234
2023-04-22,18734.4234
2023-04-23,18734.4234
2023-04-24,18734.4234
2023-04-25,18734.4234
2023-04-26,18734.4234
2023-04-27,18734.4234
2023-04-28,18734.4234
2023-04-29,18734.4234
2023-04-30,18734.4234
2023-05-01,18734.4234
2023-05-02,18734.4234
2023-05-03,18734.4234
2023-05-04,18734.4234
2023-05-05,18734.4234
2023-05-06,18734.4234
2023-05-07,18734.4234
2023-05-08,18734.4234
2023-05-09,18734.4234
2023-05-10,18734.4234
2023-05-11,18734.4234
2023-05-12,18734.4234
2023-05-13,18734.4234
2023-05-14,18774.2234
2023-05-15,18774.2234
2023-05-16,18774.2234
2023-05-17,18774.2234
2023-05-18,18774.2234
2023-05-19,18774.2234
2023-05-20,18774.2234
2023-05-21,18774.2234
2023-05-22,18774.2234
2023-05-23,18774.2234
2023-05-24,18774.2234
2023-05-25,18774.2234
2023-05-26,18774.2234
2023-05-27,18774.2234
2023-05-28,18774.2234
2023-05-29,18774.2234
2023-05-30,18774.2234
2023-05-31,18774.2234
2023-06-01,18774.2234
2023-06-02,18774.2234
2023-06-03,18774.2234
2023-06-04,18774.2234
2023-06-05,18774.2234
2023-06-06,18774.2234
2023-06-07,18774.2234
2023-06-08,18774.2234
2023-06-09,18774.2234
2023-06-10,18774.2234
2023-06-11,18774.2234
2023-06-12,18774.2234
2023-06-13,18774.2234
2023-06-14,18774.2234
2023-06-15,18774.2234
2023-06-16,18774.2234
2023-06-17,18774.3234
2023-06-18,18775.3194
2023-06-19,18775.3194
2023-06-20,18775.3194
2023-06-21,18775.3194
2023-06-22,18775.3194
2023-06-23,18775.3194
2023-06-24,18775.3194
2023-06-25,18775.3194
2023-06-26,18775.3194
2023-06-27,18775.3194
2023-06-28,18775.3194
2023-06-29,18775.3194
2023-06-30,18775.3194
2023-07-01,18775.3194
2023-07-02,18775.3194
2023-07-03,18775.3194
2023-07-04,18775.3194
2023-07-05,18775.3194
2023-07-06,18775.3194
2023-07-07,18775.3194
2023-07-08,18775.3194
2023-07-09,18775.3194
2023-07-10,18775.3194
2023-07-11,18775.3194
2023-07-12,18775.3194
2023-07-13,18775.3194
2023-07-14,18775.3194
2023-07-15,18775.3194
2023-07-16,18775.3194
2023-07-17,18775.3194
2023-07-18,18775.3194
2023-07-19,18775.3194
2023-07-20,18775.3194
2023-07-21,18775.3194
2023-07-22,18775.3194
2023-07-23,18775.3194
2023-07-24,18775.3194
2023-07-25,18775.3194
2023-07-26,18775.3194
2023-07-27,18775.3194
2023-07-28,18775.3194
2023-07-29,18775.3194
2023-07-30,18775.3194
2023-07-31,18775.3194
2023-08-01,18775.3194
2023-08-02,18775.3194
2023-08-03,18775.3194
2023-08-04,18775.3194
2023-08-05,18775.3194
2023-08-06,18775.3194
2023-08-07,18775.3194
2023-08-08,18775.3194
2023-08-09,18775.3194
2023-08-10,18775.3194
2023-08-11,18775.3194
2023-08-12,18775.3194
2023-08-13,18775.3194
2023-08-14,18775.3194
2023-08-15,18775.3194
2023-08-16,18775.3194
2023-08-17,18775.3194
2023-08-18,18775.3194
2023-08-19,18775.3194
2023-08-20,18775.3194
2023-08-21,18775.3194
2023-08-22,18775.3194
2023-08-23,18775.3194
2023-08-24,18775.3194
2023-08-25,18775.3194
2023-08-26,18775.3194
2023-08-27,18775.3194
2023-08-28,18775.3194
2023-08-29,18775.3194
2023-08-30,18775.3194
2023-08-31,18775.3194
2023-09-01,18775.3194
2023-09-02,18775.3194
2023-09-03,18775.3194
2023-09-04,18775.3194
2023-09-05,18775.3194
2023-09-06,18775.3194
2023-09-07,18775.3194
2023-09-08,18775.3194
2023-09-09,18775.3194
2023-09-10,18775.3194
2023-09-11,18775.3194
2023-09-12,18775.3194
2023-09-13,18775.3194
2023-09-14,18775.3194
2023-09-15,18775.3194
2023-09-16,18775.3194
2023-09-17,18775.3194
2023-09-18,18775.3194
2023-09-19,18775.3194
2023-09-20,18775.3194
2023-09-21,18775.3194
2023-09-22,18775.3194
2023-09-23,18775.3194
2023-09-24,18775.3194
2023-09-25,18775.3194
2023-09-26,18775.3194
2023-09-27,18775.3194
2023-09-28,18775.3194
2023-09-29,18775.3194
2023-09-30,18777.4094
2023-10-01,18777.4094
2023-10-02,18777.4094
2023-10-03,18777.4094
2023-10-04,18777.4094
2023-10-05,18777.4094
2023-10-06,18777.4094
2023-10-07,18777.4094
2023-10-08,18777.4094
2023-10-09,18777.4094
2023-10-10,18777.4094
2023-10-11,18777.4094
2023-10-12,18777.4094
2023-10-13,18777.4094
2023-10-14,18777.4094
2023-10-15,18777.4094
2023-10-16,18777.4094
2023-10-17,18777.4094
2023-10-18,18777.4094
2023-10-19,18777.4094
2023-10-20,18777.4094
2023-10-21,18777.4094
2023-10-22,18777.4094
2023-10-23,18777.4094
2023-10-24,18777.4094
2023-10-25,18777.4094
2023-10-26,18777.4094
2023-10-27,19332.4094
2023-10-28,19332.4094
2023-10-29,19332.4094
2023-10-30,19332.4094
2023-10-31,19332.4094
2023-11-01,19332.4094
2023-11-02,19332.4094
2023-11-03,19332.4094
2023-11-04,19332.4094
2023-11-05,19332.4094
2023-11-06,19332.4094
2023-11-07,19332.4094
2023-11-08,19332.4094
2023-11-09,19332.4094
2023-11-10,19332.4094
2023-11-11,19332.4094
2023-11-12,19332.4094
2023-11-13,19332.4094
2023-11-14,19332.4094
2023-11-15,19332.4094
2023-11-16,19332.4094
2023-11-17,19332.4094
2023-11-18,19332.4094
2023-11-19,19332.4094
2023-11-20,19332.4094
2023-11-21,19332.4094
2023-11-22,19332.4094
2023-11-23,19332.4094
2023-11-24,19332.4094
2023-11-25,19332.4094
2023-11-26,19332.4094
2023-11-27,19332.4094
2023-11-28,19332.4094
2023-11-29,19332.4094
2023-11-30,19332.4094
2023-12-01,19332.4094
2023-12-02,19332.4094
2023-12-03,19332.4094
2023-12-04,19332.4094
2023-12-05,19332.4094
2023-12-06,19332.4094
2023-12-07,19332.4094
2023-12-08,19332.4094
2023-12-09,19332.4094
2023-12-10,19332.4094
2023-12-11,19332.4094
2023-12-12,19332.4094
2023-12-13,19332.4094
2023-12-14,19332.4094
2023-12-15,19332.4094
2023-12-16,19332.4094
2023-12-17,19332.4094
2023-12-18,19332.4094
2023-12-19,19332.4094
2023-12-20,19332.4094
2023-12-21,19332.4094
2023-12-22,19332.4094
2023-12-23,19332.4094
2023-12-24,19332.4094
2023-12-25,19332.4094
2023-12-26,19332.4094
2023-12-27,19332.4094
2023-12-28,19332.4094
2023-12-29,19332.4094
2023-12-30,19332.4094
2023-12-31,19332.4094
2024-01-01,19332.4094
2024-01-02,19332.4094
2024-01-03,19332.4094
2024-01-04,19332.4094
2024-01-05,19332.4094
2024-01-06,19332.4094
2024-01-07,19332.4094
2024-01-08,19332.4094
2024-01-09,19332.4094
2024-01-10,19332.4094
2024-01-11,19332.4094
2024-01-12,19332.4094
2024-01-13,19333.3844
2024-01-14,19333.3844
2024-01-15,19333.3844
2024-01-16,19333.3844
2024-01-17,19333.3844
2024-01-18,19333.3844
2024-01-19,19333.3844
2024-01-20,19333.3844
2024-01-21,19333.3844
2024-01-22,19333.3844
2024-01-23,19333.3844
2024-01-24,19333.3844
2024-01-25,19333.3844
2024-01-26,19333.3844
2024-01-27,19333.3844
2024-01-28,19333.3844
2024-01-29,19333.3844
2024-01-30,19333.3844
2024-01-31,19333.3844
2024-02-01,19333.3844
2024-02-02,19333.3844
2024-02-03,19333.3844
2024-02-04,19333.3844
2024-02-05,19333.3844
2024-02-06,19333.3844
2024-02-07,19333.3844
2024-02-08,19333.3844
2024-02-09,19333.3844
2024-02-10,19333.3844
2024-02-11,19338.2844
2024-02-12,19338.2844
2024-02-13,19338.2844
2024-02-14,19338.2844
2024-02-15,19338.2844
2024-02-16,19339.8594
2024-02-17,19339.8594
2024-02-18,19340.8554
2024-02-19,19340.8554
2024-02-20,19340.8554
2024-02-21,19340.8554
2024-02-22,19344.4224
2024-02-23,19344.4224
2024-02-24,19344.4224
2024-02-25,19344.4224
2024-02-26,19344.4224
2024-02-27,19345.4183
2024-02-28,19345.4183
2024-02-29,19345.4183
2024-03-01,19345.4183
2024-03-02,19345.4183
2024-03-03,19345.4183
2024-03-04,19345.4183
2024-03-05,19345.4183
2024-03-06,19345.4183
2024-03-07,19345.4183
2024-03-08,19447.4183
2024-03-09,19447.4183
2024-03-10,19447.4183
2024-03-11,19447.4183
2024-03-12,19447.4183
2024-03-13,19447.4183
2024-03-14,19448.9933
2024-03-15,19448.9933
2024-03-16,19448.9933
2024-03-17,19448.9933
2024-03-18,19448.9933
2024-03-19,19448.9933
2024-03-20,19448.9933
2024-03-21,19500.9933
2024-03-22,19500.9933
2024-03-23,19568.9933
2024-03-24,19568.9933
2024-03-25,19568.9933
2024-03-26,19568.9933
2024-03-27,19568.9933
2024-03-28,19568.9933
2024-03-29,19568.9933
2024-03-30,19568.9933
2024-03-31,19568.9933
2024-04-01,19568.9933
2024-04-02,19568.9933
2024-04-03,19568.9933
2024-04-04,19568.9933
2024-04-05,19568.9933
2024-04-06,19568.9933
2024-04-07,19568.9933
2024-04-08,19568.9933
2024-04-09,19568.9933
2024-04-10,19568.9933
2024-04-11,19568.9933
2024-04-12,19568.9933
2024-04-13,19568.9933
2024-04-14,19568.9933
2024-04-15,19568.9933
2024-04-16,19568.9933
2024-04-17,19588.8933
2024-04-18,19588.8933
2024-04-19,19588.8933
2024-04-20,19588.8933
2024-04-21,19588.8933
2024-04-22,19608.7933
2024-04-23,19608.7933
2024-04-24,19608.7933
2024-04-25,19608.7933
2024-04-26,19608.7933
2024-04-27,19608.7933
2024-04-28,19608.7933
2024-04-29,19608.7933
2024-04-30,19608.7933
2024-05-01,19608.7933
2024-05-02,19608.7933
2024-05-03,19608.7933
2024-05-04,19608.7933
2024-05-05,19608.7933
2024-05-06,19608.7933
2024-05-07,19608.7933
2024-05-08,19608.7933
2024-05-09,19608.7933
2024-05-10,19608.7933
2024-05-11,19608.7933
2024-05-12,19608.7933
2024-05-13,19608.7933
2024-05-14,19608.7933
2024-05-15,19608.7933
2024-05-16,19608.7933
2024-05-17,19608.7933
2024-05-18,19608.7933
2024-05-19,19609.7683
2024-05-20,19609.7683
2024-05-21,19609.7683
2024-05-22,19609.7683
2024-05-23,19609.7683
2024-05-24,19609.7683
2024-05-25,19609.7683
2024-05-26,19609.7683
2024-05-27,19609.7683
2024-05-28,19609.7683
2024-05-29,19609.7683
2024-05-30,19609.7683
2024-05-31,19609.7683
2024-06-01,19609.7683
2024-06-02,19609.7683
2024-06-03,19609.7683
2024-06-04,19609.7683
2024-06-05,19609.7683
2024-06-06,19609.7683
2024-06-07,19609.7683
2024-06-08,19609.7683
2024-06-09,19609.7683
2024-06-10,19609.7683
2024-06-11,19609.7683
2024-06-12,19692.7683
2024-06-13,19692.7683
2024-06-14,19692.7683
2024-06-15,19692.7683
2024-06-16,19692.7683
2024-06-17,19692.7683
2024-06-18,19692.7683
2024-06-19,19792.7683
2024-06-20,19792.7683
2024-06-21,19792.7683
2024-06-22,19792.7683
2024-06-23,19792.7683
2024-06-24,20042.7683
2024-06-25,20042.7683
2024-06-26,20042.7683
2024-06-27,20122.7683
2024-06-28,20122.7683
2024-06-29,20127.6683
2024-06-30,20127.6683
2024-07-01,20127.6683
2024-07-02,20127.6683
2024-07-03,20127.6683
2024-07-04,20127.6683
2024-07-05,20127.6683
2024-07-06,20127.6683
2024-07-07,20127.6683
2024-07-08,20127.6683
2024-07-09,20127.6683
2024-07-10,20127.6683
2024-07-11,20127.6683
2024-07-12,20127.6683
2024-07-13,20127.6683
2024-07-14,20127.6683
2024-07-15,20127.6683
2024-07-16,20127.6683
2024-07-17,20127.6683
2024-07-18,20127.6683
2024-07-19,20127.6683
2024-07-20,20127.6683
2024-07-21,20127.6683
2024-07-22,20127.6683
2024-07-23,20127.6683
2024-07-24,20127.6683
2024-07-25,20127.6683
2024-07-26,20127.6683
2024-07-27,20127.6683
2024-07-28,20127.6683
2024-07-29,20127.6683
2024-07-30,20127.6683
2024-07-31,20127.6683
2024-08-01,20127.6683
2024-08-02,20127.6683
2024-08-03,20127.6683
2024-08-04,20127.6683
2024-08-05,20127.6683
2024-08-06,20127.6683
2024-08-07,20127.6683
2024-08-08,20127.6683
2024-08-09,20127.6683
2024-08-10,20127.6683
2024-08-11,20127.6683
2024-08-12,20127.6683
2024-08-13,20128.6643
2024-08-14,20128.6643
2024-08-15,20128.6643
2024-08-16,20128.6643
2024-08-17,20128.6643
2024-08-18,20128.6643
2024-08-19,20128.6643
2024-08-20,20128.6643
2024-08-21,20128.6643
2024-08-22,20128.6643
2024-08-23,20128.6643
2024-08-24,20128.6643
2024-08-25,20128.6643
2024-08-26,20128.6643
2024-08-27,20129.6243
2024-08-28,20130.5993
2024-08-29,20130.5993
2024-08-30,20130.5993
2024-08-31,20130.5993
2024-09-01,20130.5993
2024-09-02,20130.5993
2024-09-03,20130.5993
2024-09-04,20130.5993
2024-09-05,20130.5993
2024-09-06,20130.5993
2024-09-07,20130.5993
2024-09-08,20130.5993
2024-09-09,20130.5993
2024-09-10,20130.5993
2024-09-11,20130.5993
2024-09-12,20130.5993
2024-09-13,20130.5993
2024-09-14,20130.5993
2024-09-15,20130.5993
2024-09-16,20132.5853
2024-09-17,20132.5853
2024-09-18,20132.5853
2024-09-19,20133.5753
2024-09-20,20133.5753
2024-09-21,20133.5753
2024-09-22,20133.5753
2024-09-23,20133.5753
2024-09-24,20133.5753
2024-09-25,20133.5753
2024-09-26,20153.4753
2024-09-27,20173.3753
2024-09-28,20173.3753
2024-09-29,20173.3753
2024-09-30,20174.3713
2024-10-01,20174.3713
2024-10-02,20174.3713
2024-10-03,20174.3713
2024-10-04,20174.3713
2024-10-05,20174.3713
2024-10-06,20174.3713
2024-10-07,20174.3713
2024-10-08,20174.3713
2024-10-09,20174.3713
2024-10-10,20174.3713
2024-10-11,20174.3713
2024-10-12,20174.3713
2024-10-13,20174.3713
2024-10-14,20174.3713
2024-10-15,20174.3713
2024-10-16,20174.3713
2024-10-17,20174.3713
2024-10-18,20174.3713
2024-10-19,20174.3713
2024-10-20,20174.3713
2024-10-21,20174.3713
2024-10-22,20174.3713
2024-10-23,20174.3713
2024-10-24,20174.3713
2024-10-25,20174.3713
2024-10-26,20174.3713
2024-10-27,20174.3713
2024-10-28,20174.3713
2024-10-29,20179.2713
2024-10-30,20179.2713
2024-10-31,20179.2713
2024-11-01,20179.2713
2024-11-02,20179.2713
2024-11-03,20179.2713
2024-11-04,20179.2713
2024-11-05,20179.2713
2024-11-06,20179.2713
2024-11-07,20179.2713
2024-11-08,20179.2713
2024-11-09,20179.2713
2024-11-10,20180.2613
2024-11-11,20180.2613
2024-11-12,20180.2613
2024-11-13,20180.2613
2024-11-14,20180.2613
2024-11-15,20180.2613
2024-11-16,20180.2613
2024-11-17,20180.2613
2024-11-18,20182.2413
2024-11-19,20182.2413
2024-11-20,20182.2413
2024-11-21,20182.2413
2024-11-22,20182.2413
2024-11-23,20182.2413
2024-11-24,20182.2413
2024-11-25,20183.2373
2024-11-26,20218.2373
2024-11-27,20218.2373
2024-11-28,20218.2373
2024-11-29,20218.2373
2024-11-30,20588.2373
2024-12-01,20588.2373
2024-12-02,20589.2273
2024-12-03,20590.2023
2024-12-04,20590.2023
2024-12-05,20590.2023
2024-12-06,20602.2023
2024-12-07,20602.2023
2024-12-08,20602.2023
2024-12-09,20602.2023
2024-12-10,20602.2023
2024-12-11,20602.2023
2024-12-12,20602.2023
2024-12-13,20602.2023
2024-12-14,20602.2023
2024-12-15,20602.2023
2024-12-16,20602.2023
2024-12-17,20602.2023
2024-12-18,20602.2023
2024-12-19,20602.2023
2024-12-20,20602.2023
2024-12-21,20602.2023
2024-12-22,20652.2023
2024-12-23,20652.2023
2024-12-24,20652.2023
2024-12-25,20652.2023
2024-12-26,20652.2023
2024-12-27,20652.2023
2024-12-28,20652.3023
2024-12-29,20652.3023
2024-12-30,20652.3023
2024-12-31,20652.3023
2025-01-01,20652.3023
2025-01-02,20652.3023
2025-01-03,20652.3023
2025-01-04,20652.3023
2025-01-05,20652.3023
2025-01-06,20652.3023
2025-01-07,20652.3023
2025-01-08,20652.3023
2025-01-09,20652.3023
2025-01-10,20652.3023
2025-01-11,20652.3023
2025-01-12,20652.3023
2025-01-13,20652.3023
2025-01-14,20652.3023
2025-01-15,20652.3023
2025-01-16,20652.3023
2025-01-17,20652.3023
2025-01-18,20653.2923
2025-01-19,20653.2923
2025-01-20,20653.2923
2025-01-21,20653.2923
2025-01-22,20653.2923
2025-01-23,20653.2923
2025-01-24,20653.2923
2025-01-25,20658.4323
2025-01-26,20658.4323
2025-01-27,20658.4323
2025-01-28,20658.4323
2025-01-29,20658.4323
2025-01-30,20658.4323
2025-01-31,20658.4323
2025-02-01,20658.4323
2025-02-02,20658.4323
2025-02-03,20658.4323
2025-02-04,20658.4323
2025-02-05,20658.4323
2025-02-06,20658.4323
2025-02-07,20658.4323
2025-02-08,20658.4323
2025-02-09,20658.4323
2025-02-10,20658.4323
2025-02-11,20658.4323
2025-02-12,20658.4323
2025-02-13,20658.4323
2025-02-14,20658.4323
2025-02-15,20658.4323
2025-02-16,20662.5323
2025-02-17,20662.5323
2025-02-18,20662.5323
2025-02-19,20662.5323
2025-02-20,20662.5323
2025-02-21,20662.5323
2025-02-22,20662.5323
2025-02-23,20662.5323
2025-02-24,20662.5323
2025-02-25,20662.5323
2025-02-26,20663.5223
2025-02-27,20663.5223
2025-02-28,20663.5223
2025-03-01,20663.5223
2025-03-02,20664.4823
2025-03-03,20664.4823
2025-03-04,20664.4823
2025-03-05,20664.4823
2025-03-06,20664.4823
2025-03-07,20666.4623
2025-03-08,20666.4623
2025-03-09,20666.4623
2025-03-10,20666.4623
2025-03-11,20666.4623
2025-03-12,20666.4623
2025-03-13,20666.4623
2025-03-14,20666.4623
2025-03-15,20666.4623
2025-03-16,20666.4623
2025-03-17,20666.4623
2025-03-18,20666.4623
2025-03-19,20668.5623
2025-03-20,20668.5623
2025-03-21,20669.5523
2025-03-22,20669.5523
2025-03-23,20669.5523
2025-03-24,20669.5523
2025-03-25,20669.5523
2025-03-26,20669.5523
2025-03-27,20669.5523
2025-03-28,20669.5523
2025-03-29,20669.5523
2025-03-30,20672.5223
2025-03-31,20672.5223
2025-04-01,20672.5223
2025-04-02,20672.5223
2025-04-03,20672.5223
2025-04-04,20672.5223
2025-04-05,20672.5223
2025-04-06,20672.5223
2025-04-07,20673.5123
2025-04-08,20673.5123
2025-04-09,20673.5123
2025-04-10,20673.5123
2025-04-11,20673.5123
2025-04-12,20673.5123
2025-04-13,20673.5123
2025-04-14,20673.5123
2025-04-15,20673.5123
2025-04-16,20674.5023
2025-04-17,20674.5023
2025-04-18,20674.5023
2025-04-19,20674.5023
2025-04-20,20674.5023
2025-04-21,20674.5023
2025-04-22,20674.5023
2025-04-23,20674.5023
2025-04-24,20674.5023
2025-04-25,20674.5023
2025-04-26,20675.4923
2025-04-27,20675.4923
2025-04-28,20676.4823
2025-04-29,20676.4823
2025-04-30,20696.3823
2025-05-01,20696.3823
2025-05-02,20697.3423
2025-05-03,20697.3423
2025-05-04,20697.3423
2025-05-05,20697.3423
2025-05-06,20697.3423
2025-05-07,20697.3423
2025-05-08,20699.3223
2025-05-09,20699.3223
2025-05-10,20699.3223
2025-05-11,20700.3123
2025-05-12,20700.3123
2025-05-13,20700.3123
2025-05-14,20700.3123
2025-05-15,20700.3123
2025-05-16,20700.3123
2025-05-17,20700.3123
2025-05-18,20700.3123
2025-05-19,20700.3123
2025-05-20,20700.3123
2025-05-21,20700.3123
2025-05-22,20700.3123
2025-05-23,20700.3123
2025-05-24,20700.3123
2025-05-25,20701.3023
2025-05-26,20701.3023
2025-05-27,20701.3023
2025-05-28,20701.3023
2025-05-29,20701.3023
2025-05-30,20701.3023
2025-05-31,20701.3023
2025-06-01,20701.3023
2025-06-02,20701.3023
2025-06-03,20701.3023
2025-06-04,20701.3023
2025-06-05,20701.3023
2025-06-06,20701.3023
2025-06-07,20701.3023
2025-06-08,20701.3023
2025-06-09,20701.3023
2025-06-10,20701.3023
2025-06-11,20701.3023
2025-06-12,20701.3023
2025-06-13,20701.3023
2025-06-14,20701.3023
2025-06-15,20702.2923
2025-06-16,20702.2923
2025-06-17,20702.2923
2025-06-18,20702.2923
2025-06-19,20702.2923
2025-06-20,20702.2923
2025-06-21,20702.2923
2025-06-22,20702.2923
2025-06-23,20702.2923
2025-06-24,20702.2923
2025-06-25,20702.2923
2025-06-26,20702.2923
2025-06-27,20702.2923
2025-06-28,20702.2923
2025-06-29,20702.2923
2025-06-30,20702.2923
2025-07-01,20702.2923
2025-07-02,20702.2923
2025-07-03,20702.2923
2025-07-04,20703.2823
2025-07-05,20703.2823
2025-07-06,20703.2823
2025-07-07,20703.2823
2025-07-08,20703.2823
2025-07-09,20703.2823
2025-07-10,20703.2823
2025-07-11,20703.2823
2025-07-12,20703.2823
2025-07-13,20706.1623
2025-07-14,20706.1623
2025-07-15,20706.1623
2025-07-16,20706.1623
2025-07-17,20706.1623
2025-07-18,20706.1623
2025-07-19,20707.1523
2025-07-20,20707.1523
2025-07-21,20708.1423
2025-07-22,20708.1423
2025-07-23,20708.1423
2025-07-24,20708.1423
2025-07-25,20709.1323
2025-07-26,20709.1323
2025-07-27,20709.1323
2025-07-28,20709.1323
2025-07-29,20709.1323
2025-07-30,20709.1323
2025-07-31,20709.1323
2025-08-01,20709.1323
2025-08-02,20709.1323
2025-08-03,20709.1323
2025-08-04,20709.1323
2025-08-05,20709.1323
2025-08-06,20709.1323
2025-08-07,20709.1323
2025-08-08,20709.1323
2025-08-09,20709.1323
2025-08-10,20709.1323
2025-08-11,20709.1323
2025-08-12,20709.1323
2025-08-13,20710.1223
2025-08-14,20710.1223
2025-08-15,20710.1223
2025-08-16,20710.1223
2025-08-17,20710.3223
2025-08-18,20710.3223
2025-08-19,20710.3223
2025-08-20,20710.3223
2025-08-21,20710.3223
2025-08-22,20711.3123
2025-08-23,20711.3123
2025-08-24,20711.3123
2025-08-25,20711.3123
2025-08-26,20711.3123
2025-08-27,20716.2123
2025-08-28,20716.2123
2025-08-29,20716.2123
2025-08-30,20716.2123
2025-08-31,20716.2123
2025-09-01,20716.2123
2025-09-02,20716.2123
2025-09-03,20716.2123
2025-09-04,20716.2123
2025-09-05,20716.2123
2025-09-06,20716.2123
2025-09-07,20716.2123
2025-09-08,20716.2123
2025-09-09,20716.2123
2025-09-10,20716.2123
2025-09-11,20716.2123
2025-09-12,20716.2123
2025-09-13,20716.2123
2025-09-14,20717.2023
2025-09-15,20717.2023
2025-09-16,20717.2023
2025-09-17,20717.2023
2025-09-18,20717.2023
2025-09-19,20717.2023
2025-09-20,20717.2023
2025-09-21,20719.1823
2025-09-22,20719.1823
2025-09-23,20719.1823
2025-09-24,20719.1823
2025-09-25,20721.0723
2025-09-26,20721.0723
2025-09-27,20721.0723
2025-09-28,20721.0723
2025-09-29,20721.0723
2025-09-30,20721.0723
2025-10-01,20721.0723
2025-10-02,20746.0723
2025-10-03,20746.0723
2025-10-04,20746.0723
2025-10-05,20746.0723
2025-10-06,20746.0723
2025-10-07,20746.0723
2025-10-08,20746.0723
2025-10-09,20746.0723
2025-10-10,20748.0523
2025-10-11,20748.0523
2025-10-12,20749.0123
2025-10-13,20749.0123
2025-10-14,20749.0123
2025-10-15,20749.0123
2025-10-16,20749.0123
2025-10-17,20750.0023
2025-10-18,20750.0023
2025-10-19,20750.0023
2025-10-20,20750.0023
2025-10-21,20750.0023
2025-10-22,20750.0023
2025-10-23,20910.0023
2025-10-24,20911.9823
2025-10-25,20911.9823
2025-10-26,20913.72391
2025-10-27,20915.45659
2025-10-28,20917.17771
2025-10-29,20918.88495
2025-10-30,20920.57638
2025-10-31,20922.25055
2025-11-01,20923.90651
2025-11-02,20925.54389
2025-11-03,20927.1629
2025-11-04,20928.76436
2025-11-05,20930.34972
2025-11-06,20931.92102
2025-11-07,20933.48087
2025-11-08,20935.03244
2025-11-09,20936.57937
2025-11-10,20938.12572
2025-11-11,20939.67589
2025-11-12,20941.23455
2025-11-13,20942.80652
2025-11-14,20944.39672
2025-11-15,20946.01002
2025-11-16,20947.65118
2025-11-17,20949.32471
2025-11-18,20951.03486
2025-11-19,20952.78543
2025-11-20,20954.57979
2025-11-21,20956.42074
2025-11-22,20958.3105
2025-11-23,20960.25068
2025-11-24,20962.24221
2025-11-25,20964.28537
2025-11-26,20966.37977
2025-11-27,20968.52439
2025-11-28,20970.71761
2025-11-29,20972.95723
2025-11-30,20975.24056
2025-12-01,20977.56449
2025-12-02,20979.92553
2025-12-03,20982.31995
2025-12-04,20984.7438
2025-12-05,20987.19308
2025-12-06,20989.66374
2025-12-07,20992.15185
2025-12-08,20994.65362
2025-12-09,20997.1655
2025-12-10,20999.68427
2025-12-11,21002.20704
2025-12-12,21004.73133
2025-12-13,21007.2551
2025-12-14,21009.77678
2025-12-15,21012.29524
2025-12-16,21014.80982
2025-12-17,21017.32028
2025-12-18,21019.8268
2025-12-19,21022.32993
2025-12-20,21024.83049
2025-12-21,21027.32962
2025-12-22,21029.82859
2025-12-23,21032.32884
2025-12-24,21034.83184
2025-12-25,21037.33908
2025-12-26,21039.85194
2025-12-27,21042.37169
2025-12-28,21044.89941
2025-12-29,21047.43595
2025-12-30,21049.98189
2025-12-31,21052.53751
2026-01-01,21055.10278
2026-01-02,21057.67738
2026-01-03,21060.26065
2026-01-04,21062.85168
2026-01-05,21065.44928
2026-01-06,21068.05203
2026-01-07,21070.65838
2026-01-08,21073.26662
2026-01-09,21075.87499
2026-01-10,21078.48174
2026-01-11,21081.08517
2026-01-12,21083.68371
2026-01-13,21086.27597
2026-01-14,21088.86079
2026-01-15,21091.43729
2026-01-16,21094.00493
2026-01-17,21096.56349
2026-01-18,21099.11316
2026-01-19,21101.65448
2026-01-20,21104.18838
2026-01-21,21106.71616
2026-01-22,21109.23944
2026-01-23,21111.76018
2026-01-24,21114.28056
2026-01-25,21116.80298
2026-01-26,21119.32999
2026-01-27,21121.8642
2026-01-28,21124.40826
2026-01-29,21126.96472
2026-01-30,21129.53602
2026-01-31,21132.1244
2026-02-01,21134.73184
2026-02-02,21137.35998
2026-02-03,21140.01012
2026-02-04,21142.68314
2026-02-05,21145.37949
2026-02-06,21148.09918
2026-02-07,21150.84176
2026-02-08,21153.60635
2026-02-09,21156.39162
2026-02-10,21159.1959
2026-02-11,21162.01714
2026-02-12,21164.85302
2026-02-13,21167.70099
2026-02-14,21170.55835
2026-02-15,21173.42233
2026-02-16,21176.29013
2026-02-17,21179.15907
2026-02-18,21182.02659
2026-02-19,21184.89039
2026-02-20,21187.74843
2026-02-21,21190.59905
2026-02-22,21193.44101
2026-02-23,21196.27349
2026-02-24,21199.09616
2026-02-25,21201.90918
2026-02-26,21204.71321
2026-02-27,21207.50937
2026-02-28,21210.29925
2026-03-01,21213.08486
2026-03-02,21215.86856
2026-03-03,21218.65303
2026-03-04,21221.44118
2026-03-05,21224.23608
2026-03-06,21227.04087
2026-03-07,21229.8587
2026-03-08,21232.69259
2026-03-09,21235.54542
2026-03-10,21238.41978
2026-03-11,21241.31793
2026-03-12,21244.24175
2026-03-13,21247.19264
2026-03-14,21250.1715
2026-03-15,21253.1787
2026-03-16,21256.21405
2026-03-17,21259.2768
2026-03-18,21262.36565
2026-03-19,21265.47879
2026-03-20,21268.61389
2026-03-21,21271.76821
2026-03-22,21274.93863
2026-03-23,21278.1217
2026-03-24,21281.31378
2026-03-25,21284.51107
2026-03-26,21287.70973
2026-03-27,21290.90595
2026-03-28,21294.09607
2026-03-29,21297.27662
2026-03-30,21300.44446
2026-03-31,21303.5968
2026-04-01,21306.73131
2026-04-02,21309.84614
2026-04-03,21312.93998
2026-04-04,21316.01206
2026-04-05,21319.06222
2026-04-06,21322.09084
2026-04-07,21325.09888
2026-04-08,21328.08781
2026-04-09,21331.0596
2026-04-10,21334.01666
2026-04-11,21336.96173
2026-04-12,21339.89789
2026-04-13,21342.82839
2026-04-14,21345.75661
2026-04-15,21348.686
2026-04-16,21351.61992
2026-04-17,21354.56159
2026-04-18,21357.51403
2026-04-19,21360.47994
2026-04-20,21363.46165
2026-04-21,21366.46106
2026-04-22,21369.4796
2026-04-23,21372.51817
2026-04-24,21375.57713
2026-04-25,21378.65632
2026-04-26,21381.755
2026-04-27,21384.87192
2026-04-28,21388.00533
2026-04-29,21391.15304
2026-04-30,21394.31242
2026-05-01,21397.48055
2026-05-02,21400.65421
2026-05-03,21403.83
2026-05-04,21407.0044
2026-05-05,21410.17387
2026-05-06,21413.33491
2026-05-07,21416.48415
2026-05-08,21419.61846
2026-05-09,21422.73493
2026-05-10,21425.83104
2026-05-11,21428.90464
2026-05-12,21431.954
2026-05-13,21434.97787
2026-05-14,21437.97551
2026-05-15,21440.94662
2026-05-16,21443.89143
2026-05-17,21446.81063
2026-05-18,21449.70536
2026-05-19,21452.57715
2026-05-20,21455.42791
2026-05-21,21458.25986
2026-05-22,21461.07543
2026-05-23,21463.87725
2026-05-24,21466.66805
2026-05-25,21469.4506
2026-05-26,21472.2276
2026-05-27,21475.00166
2026-05-28,21477.77521
2026-05-29,21480.55042
2026-05-30,21483.32917
2026-05-31,21486.11297
2026-06-01,21488.90297
2026-06-02,21491.69984
2026-06-03,21494.50383
2026-06-04,21497.31473
2026-06-05,21500.13182
2026-06-06,21502.95394
2026-06-07,21505.77948
2026-06-08,21508.60637
2026-06-09,21511.43217
2026-06-10,21514.25405
2026-06-11,21517.06889
2026-06-12,21519.87327
2026-06-13,21522.66358
2026-06-14,21525.43603
2026-06-15,21528.18675
2026-06-16,21530.91182
2026-06-17,21533.60731
2026-06-18,21536.26941
2026-06-19,21538.8944
2026-06-20,21541.47875
2026-06-21,21544.01916
2026-06-22,21546.5126
2026-06-23,21548.95634
2026-06-24,21551.34799
2026-06-25,21553.68553
2026-06-26,21555.96733
2026-06-27,21558.19216
2026-06-28,21560.3592
2026-06-29,21562.46807
2026-06-30,21564.51877
2026-07-01,21566.51176
2026-07-02,21568.44786
2026-07-03,21570.32832
2026-07-04,21572.15472
2026-07-05,21573.92904
2026-07-06,21575.65355
2026-07-07,21577.33083
2026-07-08,21578.96373
2026-07-09,21580.55534
2026-07-10,21582.10897
2026-07-11,21583.62809
2026-07-12,21585.1163
2026-07-13,21586.57731
2026-07-14,21588.0149
2026-07-15,21589.43287
2026-07-16,21590.835
2026-07-17,21592.22504
2026-07-18,21593.60666
2026-07-19,21594.98339
2026-07-20,21596.35862
2026-07-21,21597.73556
2026-07-22,21599.11721
2026-07-23,21600.5063
2026-07-24,21601.90533
2026-07-25,21603.31648
2026-07-26,21604.74163
2026-07-27,21606.18236
2026-07-28,21607.63987
2026-07-29,21609.11507
2026-07-30,21610.6085
2026-07-31,21612.12038
2026-08-01,21613.65059
2026-08-02,21615.19872
2026-08-03,21616.76404
2026-08-04,21618.34557
2026-08-05,21619.94209
2026-08-06,21621.55216
2026-08-07,21623.17417
2026-08-08,21624.80638
2026-08-09,21626.44696
2026-08-10,21628.09402
2026-08-11,21629.74567
2026-08-12,21631.40005
2026-08-13,21633.05537
2026-08-14,21634.70995
2026-08-15,21636.36227
2026-08-16,21638.01099
2026-08-17,21639.65496
2026-08-18,21641.29327
2026-08-19,21642.92525
2026-08-20,21644.55049
2026-08-21,21646.16882
2026-08-22,21647.78034
2026-08-23,21649.38537
2026-08-24,21650.98446
2026-08-25,21652.57837
2026-08-26,21654.16801
2026-08-27,21655.75444
2026-08-28,21657.33881
2026-08-29,21658.92233
2026-08-30,21660.50624
2026-08-31,21662.09173
2026-09-01,21663.67994
2026-09-02,21665.27191
2026-09-03,21666.8685
2026-09-04,21668.47042
2026-09-05,21670.07817
2026-09-06,21671.69201
2026-09-07,21673.31198
2026-09-08,21674.93783
2026-09-09,21676.5691
2026-09-10,21678.20506
2026-09-11,21679.84475
2026-09-12,21681.48703
2026-09-13,21683.13056
2026-09-14,21684.77387
2026-09-15,21686.41539
2026-09-16,21688.05351
2026-09-17,21689.6866
2026-09-18,21691.31308
2026-09-19,21692.93149
2026-09-20,21694.54049
2026-09-21,21696.13894
2026-09-22,21697.72596
2026-09-23,21699.30093
2026-09-24,21700.86352
2026-09-25,21702.41376
2026-09-26,21703.952
2026-09-27,21705.47893
2026-09-28,21706.99562
2026-09-29,21708.50342
2026-09-30,21710.00402
2026-10-01,21711.49936
2026-10-02,21712.99162
2026-10-03,21714.48317
2026-10-04,21715.97646
2026-10-05,21717.47406
2026-10-06,21718.97849
2026-10-07,21720.49222
2026-10-08,21722.0176
2026-10-09,21723.55676
2026-10-10,21725.11158
2026-10-11,21726.68363
2026-10-12,21728.27409
2026-10-13,21729.88376
2026-10-14,21731.51301
2026-10-15,21733.16175
2026-10-16,21734.82941
2026-10-17,21736.515
2026-10-18,21738.21706
2026-10-19,21739.93372
2026-10-20,21741.66277
2026-10-21,21743.40166
2026-10-22,21745.14757
2026-10-23,21746.89751
2026-10-24,21748.64839
2026-10-25,21750.39706
2026-10-26,21752.14045
2026-10-27,21753.87563
2026-10-28,21755.59987
2026-10-29,21757.31078
2026-10-30,21759.00632
2026-10-31,21760.68491
2026-11-01,21762.34548
2026-11-02,21763.98751
2026-11-03,21765.61106
2026-11-04,21767.21679
2026-11-05,21768.80601
2026-11-06,21770.3806
2026-11-07,21771.94304
2026-11-08,21773.49636
2026-11-09,21775.04408
2026-11-10,21776.59018
2026-11-11,21778.13896
2026-11-12,21779.69505
2026-11-13,21781.26324
2026-11-14,21782.84842
2026-11-15,21784.45549
2026-11-16,21786.08925
2026-11-17,21787.75428
2026-11-18,21789.4549
2026-11-19,21791.19503
2026-11-20,21792.97815
2026-11-21,21794.80722
2026-11-22,21796.68461
2026-11-23,21798.61207
2026-11-24,21800.59071
2026-11-25,21802.62097
2026-11-26,21804.70263
2026-11-27,21806.83483
2026-11-28,21809.01608
2026-11-29,21811.24434
2026-11-30,21813.51702
2026-12-01,21815.83111
2026-12-02,21818.18322
2026-12-03,21820.56965
2026-12-04,21822.98652
2026-12-05,21825.42982
2026-12-06,21827.89551
2026-12-07,21830.37962
2026-12-08,21832.87832
2026-12-09,21835.38799
2026-12-10,21837.90532
2026-12-11,21840.42734
2026-12-12,21842.95145
2026-12-13,21845.47552
2026-12-14,21847.99785
2026-12-15,21850.51719
2026-12-16,21853.03278
2026-12-17,21855.54427
2026-12-18,21858.05174
2026-12-19,21860.55565
2026-12-20,21863.05676
2026-12-21,21865.55613
2026-12-22,21868.05501
2026-12-23,21870.5548
2026-12-24,21873.05698
2026-12-25,21875.56302
2026-12-26,21878.07434
2026-12-27,21880.59226
2026-12-28,21883.1179
2026-12-29,21885.65217
2026-12-30,21888.19572
2026-12-31,21890.74891
2027-01-01,21893.31179
2027-01-02,21895.88411
2027-01-03,21898.46529
2027-01-04,21901.05448
2027-01-05,21903.65056
2027-01-06,21906.25217
2027-01-07,21908.85777
2027-01-08,21911.4657
2027-01-09,21914.0742
2027-01-10,21916.68152
2027-01-11,21919.28594
2027-01-12,21921.88584
2027-01-13,21924.47979
2027-01-14,21927.06656
2027-01-15,21929.6452
2027-01-16,21932.21509
2027-01-17,21934.77592
2027-01-18,21937.32777
2027-01-19,21939.87111
2027-01-20,21942.40676
2027-01-21,21944.93592
2027-01-22,21947.46016
2027-01-23,21949.98134
2027-01-24,21952.50159
2027-01-25,21955.02327
2027-01-26,21957.54889
2027-01-27,21960.08105
2027-01-28,21962.6224
2027-01-29,21965.17553
2027-01-30,21967.7429
2027-01-31,21970.32682
2027-02-01,21972.92932
2027-02-02,21975.55215
2027-02-03,21978.19669
2027-02-04,21980.86393
2027-02-05,21983.55443
2027-02-06,21986.26831
2027-02-07,21989.00523
2027-02-08,21991.76443
2027-02-09,21994.54467
2027-02-10,21997.34438
2027-02-11,22000.16159
2027-02-12,22002.99404
2027-02-13,22005.83923
2027-02-14,22008.69451
2027-02-15,22011.55709
2027-02-16,22014.42419
2027-02-17,22017.2931
2027-02-18,22020.1612
2027-02-19,22023.02613
2027-02-20,22025.88578
2027-02-21,22028.73839
2027-02-22,22031.58261
2027-02-23,22034.41751
2027-02-24,22037.24264
2027-02-25,22040.05803
2027-02-26,22042.86421
2027-02-27,22045.66221
2027-02-28,22048.45349
2027-03-01,22051.23995
2027-03-02,22054.02389
2027-03-03,22056.8079
2027-03-04,22059.59485
2027-03-05,22062.38777
2027-03-06,22065.1898
2027-03-07,22068.00407
2027-03-08,22070.83367
2027-03-09,22073.68151
2027-03-10,22076.55026
2027-03-11,22079.44228
2027-03-12,22082.35953
2027-03-13,22085.30355
2027-03-14,22088.27536
2027-03-15,22091.27547
2027-03-16,22094.30383
2027-03-17,22097.35983
2027-03-18,22100.44231
2027-03-19,22103.54957
2027-03-20,22106.67942
2027-03-21,22109.82922
2027-03-22,22112.99592
2027-03-23,22116.17617
2027-03-24,22119.36635
2027-03-25,22122.5627
2027-03-26,22125.76137
2027-03-27,22128.95855
2027-03-28,22132.15053
2027-03-29,22135.33378
2027-03-30,22138.50507
2027-03-31,22141.66153
2027-04-01,22144.80069
2027-04-02,22147.92059
2027-04-03,22151.01976
2027-04-04,22154.09732
2027-04-05,22157.15295
2027-04-06,22160.18688
2027-04-07,22163.19995
2027-04-08,22166.19349
2027-04-09,22169.16936
2027-04-10,22172.12985
2027-04-11,22175.07765
2027-04-12,22178.01573
2027-04-13,22180.94733
2027-04-14,22183.8758
2027-04-15,22186.80458
2027-04-16,22189.73706
2027-04-17,22192.6765
2027-04-18,22195.62598
2027-04-19,22198.58829
2027-04-20,22201.56585
2027-04-21,22204.56068
2027-04-22,22207.57433
2027-04-23,22210.60784
2027-04-24,22213.6617
2027-04-25,22216.73588
2027-04-26,22219.82979
2027-04-27,22222.94229
2027-04-28,22226.07177
2027-04-29,22229.21613
2027-04-30,22232.37286
2027-05-01,22235.5391
2027-05-02,22238.71169
2027-05-03,22241.88727
2027-05-04,22245.06235
2027-05-05,22248.23338
2027-05-06,22251.39685
2027-05-07,22254.54935
2027-05-08,22257.68767
2027-05-09,22260.80885
2027-05-10,22263.91027
2027-05-11,22266.98967
2027-05-12,22270.04523
2027-05-13,22273.07557
2027-05-14,22276.0798
2027-05-15,22279.05755
2027-05-16,22282.00889
2027-05-17,22284.9344
2027-05-18,22287.83511
2027-05-19,22290.71248
2027-05-20,22293.5683
2027-05-21,22296.40473
2027-05-22,22299.22415
2027-05-23,22302.02916
2027-05-24,22304.82246
2027-05-25,22307.60681
2027-05-26,22310.38495
2027-05-27,22313.15951
2027-05-28,22315.93297
2027-05-29,22318.70758
2027-05-30,22321.48528
2027-05-31,22324.2677
2027-06-01,22327.05607
2027-06-02,22329.85118
2027-06-03,22332.65339
2027-06-04,22335.46261
2027-06-05,22338.27824
2027-06-06,22341.09925
2027-06-07,22343.9241
2027-06-08,22346.75087
2027-06-09,22349.5772
2027-06-10,22352.40034
2027-06-11,22355.21725
2027-06-12,22358.02457
2027-06-13,22360.81875
2027-06-14,22363.59603
2027-06-15,22366.35255
2027-06-16,22369.08439
2027-06-17,22371.78764
2027-06-18,22374.45844
2027-06-19,22377.09305
2027-06-20,22379.68788
2027-06-21,22382.23957
2027-06-22,22384.74502
2027-06-23,22387.20142
2027-06-24,22389.6063
2027-06-25,22391.95754
2027-06-26,22394.2534
2027-06-27,22396.49257
2027-06-28,22398.67411
2027-06-29,22400.79753
2027-06-30,22402.86275
2027-07-01,22404.8701
2027-07-02,22406.82033
2027-07-03,22408.71456
2027-07-04,22410.55431
2027-07-05,22412.34145
2027-07-06,22414.07818
2027-07-07,22415.76701
2027-07-08,22417.41072
2027-07-09,22419.01236
2027-07-10,22420.57516
2027-07-11,22422.10257
2027-07-12,22423.59817
2027-07-13,22425.06563
2027-07-14,22426.50872
2027-07-15,22427.93123
2027-07-16,22429.33697
2027-07-17,22430.72969
2027-07-18,22432.11307
2027-07-19,22433.4907
2027-07-20,22434.866
2027-07-21,22436.24222
2027-07-22,22437.62242
2027-07-23,22439.00941
2027-07-24,22440.40574
2027-07-25,22441.81367
2027-07-26,22443.23516
2027-07-27,22444.67187
2027-07-28,22446.12509
2027-07-29,22447.5958
2027-07-30,22449.08464
2027-07-31,22450.59191
2027-08-01,22452.11756
2027-08-02,22453.66127
2027-08-03,22455.22237
2027-08-04,22456.79996
2027-08-05,22458.39285
2027-08-06,22459.99968
2027-08-07,22461.61886
2027-08-08,22463.24869
2027-08-09,22464.88735
2027-08-10,22466.53298
2027-08-11,22468.18366
2027-08-12,22469.83752
2027-08-13,22471.49277
2027-08-14,22473.14768
2027-08-15,22474.80071
2027-08-16,22476.45044
2027-08-17,22478.09569
2027-08-18,22479.73549
2027-08-19,22481.3691
2027-08-20,22482.99605
2027-08-21,22484.61611
2027-08-22,22486.22931
2027-08-23,22487.83592
2027-08-24,22489.43643
2027-08-25,22491.03156
2027-08-26,22492.62217
2027-08-27,22494.20929
2027-08-28,22495.79406
2027-08-29,22497.37768
2027-08-30,22498.96138
2027-08-31,22500.54637
2027-09-01,22502.1338
2027-09-02,22503.72474
2027-09-03,22505.3201
2027-09-04,22506.92063
2027-09-05,22508.52689
2027-09-06,22510.1392
2027-09-07,22511.75764
2027-09-08,22513.38206
2027-09-09,22515.01203
2027-09-10,22516.6469
2027-09-11,22518.28576
2027-09-12,22519.92751
2027-09-13,22521.57086
2027-09-14,22523.21437
2027-09-15,22524.85649
2027-09-16,22526.49561
2027-09-17,22528.13011
2027-09-18,22529.75839
2027-09-19,22531.37894
2027-09-20,22532.99041
2027-09-21,22534.59159
2027-09-22,22536.18154
2027-09-23,22537.75956
2027-09-24,22539.32526
2027-09-25,22540.87857
2027-09-26,22542.41975
2027-09-27,22543.94943
2027-09-28,22545.46856
2027-09-29,22546.97844
2027-09-30,22548.48066
2027-10-01,22549.97712
2027-10-02,22551.46994
2027-10-03,22552.96144
2027-10-04,22554.45406
2027-10-05,22555.95034
2027-10-06,22557.45282
2027-10-07,22558.96401
2027-10-08,22560.48627
2027-10-09,22562.0218
2027-10-10,22563.57254
2027-10-11,22565.14015
2027-10-12,22566.72592
2027-10-13,22568.33074
2027-10-14,22569.95509
2027-10-15,22571.59898
2027-10-16,22573.26199
2027-10-17,22574.94322
2027-10-18,22576.64131
2027-10-19,22578.35453
2027-10-20,22580.08071
2027-10-21,22581.81739
2027-10-22,22583.56182
2027-10-23,22585.31104
2027-10-24,22587.06198
2027-10-25,22588.81149
2027-10-26,22590.55649
2027-10-27,22592.29398
2027-10-28,22594.0212
2027-10-29,22595.73564
2027-10-30,22597.43519
2027-10-31,22599.11814
2027-11-01,22600.78329
2027-11-02,22602.42997
2027-11-03,22604.0581
2027-11-04,22605.66819
2027-11-05,22607.26139
2027-11-06,22608.83942
2027-11-07,22610.40464
2027-11-08,22611.95992
2027-11-09,22613.50869
2027-11-10,22615.0548
2027-11-11,22616.60249
2027-11-12,22618.1563
2027-11-13,22619.72101
2027-11-14,22621.30148
2027-11-15,22622.90263
2027-11-16,22624.52927
2027-11-17,22626.18607
2027-11-18,22627.87741
2027-11-19,22629.60732
2027-11-20,22631.37939
2027-11-21,22633.19673
2027-11-22,22635.06185
2027-11-23,22636.97666
2027-11-24,22638.94244
2027-11-25,22640.95979
2027-11-26,22643.02866
2027-11-27,22645.14834
2027-11-28,22647.3175
2027-11-29,22649.53422
2027-11-30,22651.79606
2027-12-01,22654.10011
2027-12-02,22656.44305
2027-12-03,22658.82126
2027-12-04,22661.23089
2027-12-05,22663.66796
2027-12-06,22666.12843
2027-12-07,22668.6083
2027-12-08,22671.1037
2027-12-09,22673.61095
2027-12-10,22676.12666
2027-12-11,22678.64776
2027-12-12,22681.17157
2027-12-13,22683.69583
2027-12-14,22686.21873
2027-12-15,22688.73891
2027-12-16,22691.25548
2027-12-17,22693.76801
2027-12-18,22696.27646
2027-12-19,22698.78119
2027-12-20,22701.28291
2027-12-21,22703.78261
2027-12-22,22706.28148
2027-12-23,22708.78091
2027-12-24,22711.28235
2027-12-25,22713.78729
2027-12-26,22716.29717
2027-12-27,22718.81332
2027-12-28,22721.33694
2027-12-29,22723.86898
2027-12-30,22726.41017
2027-12-31,22728.96093
2028-01-01,22731.5214
2028-01-02,22734.09139
2028-01-03,22736.67043
2028-01-04,22739.25771
2028-01-05,22741.85219
2028-01-06,22744.45255
2028-01-07,22747.05731
2028-01-08,22749.66482
2028-01-09,22752.27334
2028-01-10,22754.88112
2028-01-11,22757.48642
2028-01-12,22760.08759
2028-01-13,22762.68315
2028-01-14,22765.27182
2028-01-15,22767.85257
2028-01-16,22770.42468
2028-01-17,22772.98779
2028-01-18,22775.54186
2028-01-19,22778.08726
2028-01-20,22780.62473
2028-01-21,22783.15538
2028-01-22,22785.68069
2028-01-23,22788.20244
2028-01-24,22790.72271
2028-01-25,22793.2438
2028-01-26,22795.76819
2028-01-27,22798.29848
2028-01-28,22800.83728
2028-01-29,22803.38723
2028-01-30,22805.95082
2028-01-31,22808.53039
2028-02-01,22811.12807
2028-02-02,22813.74568
2028-02-03,22816.38468
2028-02-04,22819.04617
2028-02-05,22821.73083
2028-02-06,22824.43888
2028-02-07,22827.1701
2028-02-08,22829.92382
2028-02-09,22832.69894
2028-02-10,22835.49395
2028-02-11,22838.30699
2028-02-12,22841.13585
2028-02-13,22843.97811
2028-02-14,22846.83112
2028-02-15,22849.69213
2028-02-16,22852.55837
2028-02-17,22855.42707
2028-02-18,22858.29561
2028-02-19,22861.16154
2028-02-20,22864.02268
2028-02-21,22866.8772
2028-02-22,22869.72362
2028-02-23,22872.56091
2028-02-24,22875.3885
2028-02-25,22878.20629
2028-02-26,22881.01471
2028-02-27,22883.81463
2028-02-28,22886.60742
2028-02-29,22889.39489
2028-03-01,22892.17923
2028-03-02,22894.96296
2028-03-03,22897.7489
2028-03-04,22900.54003
2028-03-05,22903.33949
2028-03-06,22906.15041
2028-03-07,22908.9759
2028-03-08,22911.81891
2028-03-09,22914.6822
2028-03-10,22917.5682
2028-03-11,22920.47898
2028-03-12,22923.41619
2028-03-13,22926.38099
2028-03-14,22929.37401
2028-03-15,22932.39534
2028-03-16,22935.44452
2028-03-17,22938.52051
2028-03-18,22941.62177
2028-03-19,22944.7462
2028-03-20,22947.89128
2028-03-21,22951.05406
2028-03-22,22954.23125
2028-03-23,22957.4193
2028-03-24,22960.61446
2028-03-25,22963.81292
2028-03-26,22967.01083
2028-03-27,22970.20444
2028-03-28,22973.39019
2028-03-29,22976.56476
2028-03-30,22979.72517
2028-03-31,22982.86886
2028-04-01,22985.99373
2028-04-02,22989.09819
2028-04-03,22992.18121
2028-04-04,22995.24232
2028-04-05,22998.28162
2028-04-06,23001.2998
2028-04-07,23004.29806
2028-04-08,23007.27815
2028-04-09,23010.24225
2028-04-10,23013.19295
2028-04-11,23016.13317
2028-04-12,23019.06608
2028-04-13,23021.99501
2028-04-14,23024.9234
2028-04-15,23027.85463
2028-04-16,23030.79204
2028-04-17,23033.73873
2028-04-18,23036.69759
2028-04-19,23039.67113
2028-04-20,23042.66149
2028-04-21,23045.67031
2028-04-22,23048.69879
2028-04-23,23051.74754
2028-04-24,23054.81668
2028-04-25,23057.90574
2028-04-26,23061.01372
2028-04-27,23064.13914
2028-04-28,23067.28
2028-04-29,23070.43389
2028-04-30,23073.59804
2028-05-01,23076.76935
2028-05-02,23079.94451
2028-05-03,23083.12004
2028-05-04,23086.29242
2028-05-05,23089.4581
2028-05-06,23092.61365
2028-05-07,23095.75581
2028-05-08,23098.88154
2028-05-09,23101.98812
2028-05-10,23105.07322
2028-05-11,23108.13488
2028-05-12,23111.17163
2028-05-13,23114.18245
2028-05-14,23117.16682
2028-05-15,23120.12473
2028-05-16,23123.05662
2028-05-17,23125.96341
2028-05-18,23128.84645
2028-05-19,23131.70747
2028-05-20,23134.54853
2028-05-21,23137.37197
2028-05-22,23140.18033
2028-05-23,23142.9763
2028-05-24,23145.76263
2028-05-25,23148.54207
2028-05-26,23151.31729
2028-05-27,23154.0908
2028-05-28,23156.86493
2028-05-29,23159.64169
2028-05-30,23162.42281
2028-05-31,23165.20959
2028-06-01,23168.00296
2028-06-02,23170.80339
2028-06-03,23173.6109
2028-06-04,23176.42501
2028-06-05,23179.24479
2028-06-06,23182.06885
2028-06-07,23184.89535
2028-06-08,23187.72202
2028-06-09,23190.54624
2028-06-10,23193.36501
2028-06-11,23196.17505
2028-06-12,23198.97286
2028-06-13,23201.75472
2028-06-14,23204.5168
2028-06-15,23207.25518
2028-06-16,23209.96595
2028-06-17,23212.64522
2028-06-18,23215.28921
2028-06-19,23217.89431
2028-06-20,23220.45709
2028-06-21,23222.97438
2028-06-22,23225.44329
2028-06-23,23227.86126
2028-06-24,23230.22608
2028-06-25,23232.53593
2028-06-26,23234.78937
2028-06-27,23236.98538
2028-06-28,23239.12336
2028-06-29,23241.20312
2028-06-30,23243.22488
2028-07-01,23245.1893
2028-07-02,23247.0974
2028-07-03,23248.95061
2028-07-04,23250.75071
2028-07-05,23252.49981
2028-07-06,23254.20037
2028-07-07,23255.85508
2028-07-08,23257.46694
2028-07-09,23259.03914
2028-07-10,23260.57507
2028-07-11,23262.07827
2028-07-12,23263.55242
2028-07-13,23265.00124
2028-07-14,23266.42855
2028-07-15,23267.83812
2028-07-16,23269.23375
2028-07-17,23270.61913
2028-07-18,23271.99786
2028-07-19,23273.37343
2028-07-20,23274.74913
2028-07-21,23276.12806
2028-07-22,23277.51311
2028-07-23,23278.90688
2028-07-24,23280.31171
2028-07-25,23281.72965
2028-07-26,23283.16241
2028-07-27,23284.6114
2028-07-28,23286.07767
2028-07-29,23287.56193
2028-07-30,23289.06458
2028-07-31,23290.58566
2028-08-01,23292.1249
2028-08-02,23293.68173
2028-08-03,23295.2553
2028-08-04,23296.84449
2028-08-05,23298.44797
2028-08-06,23300.06422
2028-08-07,23301.69156
2028-08-08,23303.32819
2028-08-09,23304.97224
2028-08-10,23306.62184
2028-08-11,23308.27508
2028-08-12,23309.93015
2028-08-13,23311.5853
2028-08-14,23313.23893
2028-08-15,23314.8896
2028-08-16,23316.53608
2028-08-17,23318.17731
2028-08-18,23319.81253
2028-08-19,23321.44118
2028-08-20,23323.06297
2028-08-21,23324.67786
2028-08-22,23326.28608
2028-08-23,23327.88806
2028-08-24,23329.48446
2028-08-25,23331.07611
2028-08-26,23332.664
2028-08-27,23334.24925
2028-08-28,23335.83304
2028-08-29,23337.4166
2028-08-30,23339.00116
2028-08-31,23340.58788
2028-09-01,23342.17784
2028-09-02,23343.77202
2028-09-03,23345.3712
2028-09-04,23346.97599
2028-09-05,23348.58677
2028-09-06,23350.20369
2028-09-07,23351.82664
2028-09-08,23353.45527
2028-09-09,23355.08899
2028-09-10,23356.72695
2028-09-11,23358.36809
2028-09-12,23360.01117
2028-09-13,23361.65479
2028-09-14,23363.2974
2028-09-15,23364.93743
2028-09-16,23366.57323
2028-09-17,23368.20321
2028-09-18,23369.82583
2028-09-19,23371.43968
2028-09-20,23373.04354
2028-09-21,23374.63637
2028-09-22,23376.21743
2028-09-23,23377.78623
2028-09-24,23379.34262
2028-09-25,23380.88679
2028-09-26,23382.41927
2028-09-27,23383.94092
2028-09-28,23385.45298
2028-09-29,23386.95695
2028-09-30,23388.45466
2028-10-01,23389.94818
2028-10-02,23391.43978
2028-10-03,23392.93188
2028-10-04,23394.42701
2028-10-05,23395.92771
2028-10-06,23397.43649
2028-10-07,23398.95576
2028-10-08,23400.48778
2028-10-09,23402.03456
2028-10-10,23403.59781
2028-10-11,23405.17894
2028-10-12,23406.77894
2028-10-13,23408.39838
2028-10-14,23410.03742
2028-10-15,23411.69571
2028-10-16,23413.37249
2028-10-17,23415.06652
2028-10-18,23416.77614
2028-10-19,23418.4993
2028-10-20,23420.2336
2028-10-21,23421.97636
2028-10-22,23423.72467
2028-10-23,23425.47548
2028-10-24,23427.22564
2028-10-25,23428.97205
2028-10-26,23430.71169
2028-10-27,23432.44172
2028-10-28,23434.15958
2028-10-29,23435.86303
2028-10-30,23437.55026
2028-10-31,23439.21994
2028-11-01,23440.87127
2028-11-02,23442.50401
2028-11-03,23444.11853
2028-11-04,23445.71581
2028-11-05,23447.29744
2028-11-06,23448.86561
2028-11-07,23450.42308
2028-11-08,23451.97313
2028-11-09,23453.51952
2028-11-10,23455.0664
2028-11-11,23456.61824
2028-11-12,23458.17977
2028-11-13,23459.75584
2028-11-14,23461.35136
2028-11-15,23462.97119
2028-11-16,23464.62002
2028-11-17,23466.30233
2028-11-18,23468.02224
2028-11-19,23469.78347
2028-11-20,23471.58923
2028-11-21,23473.4422
2028-11-22,23475.34444
2028-11-23,23477.29739
2028-11-24,23479.30183
2028-11-25,23481.35786
2028-11-26,23483.46494
2028-11-27,23485.62189
2028-11-28,23487.82693
2028-11-29,23490.07775
2028-11-30,23492.37154
2028-12-01,23494.70508
2028-12-02,23497.07483
2028-12-03,23499.47698
2028-12-04,23501.90757
2028-12-05,23504.36256
2028-12-06,23506.83795
2028-12-07,23509.32982
2028-12-08,23511.83444
2028-12-09,23514.34834
2028-12-10,23516.86836
2028-12-11,23519.39172
2028-12-12,23521.91606
2028-12-13,23524.43944
2028-12-14,23526.9604
2028-12-15,23529.47793
2028-12-16,23531.99149
2028-12-17,23534.50093
2028-12-18,23537.00654
2028-12-19,23539.50894
2028-12-20,23542.00903
2028-12-21,23544.50799
2028-12-22,23547.00715
2028-12-23,23549.50794
2028-12-24,23552.01187
2028-12-25,23554.52038
2028-12-26,23557.03485
2028-12-27,23559.5565
2028-12-28,23562.08636
2028-12-29,23564.62521
2028-12-30,23567.17355
2028-12-31,23569.7316
2029-01-01,23572.29925
2029-01-02,23574.87608
2029-01-03,23577.4614
2029-01-04,23580.05419
2029-01-05,23582.65321
2029-01-06,23585.25702
2029-01-07,23587.864
2029-01-08,23590.47243
2029-01-09,23593.08057
2029-01-10,23595.68664
2029-01-11,23598.28899
2029-01-12,23600.88608
2029-01-13,23603.47658
2029-01-14,23606.05939
2029-01-15,23608.63371
2029-01-16,23611.19909
2029-01-17,23613.7554
2029-01-18,23616.30291
2029-01-19,23618.84227
2029-01-20,23621.37451
2029-01-21,23623.901
2029-01-22,23626.42345
2029-01-23,23628.94389
2029-01-24,23631.46454
2029-01-25,23633.98787
2029-01-26,23636.51643
2029-01-27,23639.05286
2029-01-28,23641.59978
2029-01-29,23644.15973
2029-01-30,23646.7351
2029-01-31,23649.32807
2029-02-01,23651.94054
2029-02-02,23654.57408
2029-02-03,23657.22987
2029-02-04,23659.9087
2029-02-05,23662.6109
2029-02-06,23665.33638
2029-02-07,23668.08456
2029-02-08,23670.85445
2029-02-09,23673.64466
2029-02-10,23676.45338
2029-02-11,23679.2785
2029-02-12,23682.11765
2029-02-13,23684.96823
2029-02-14,23687.8275
2029-02-15,23690.69269
2029-02-16,23693.56103
2029-02-17,23696.42985
2029-02-18,23699.29665
2029-02-19,23702.15918
2029-02-20,23705.0155
2029-02-21,23707.86406
2029-02-22,23710.70371
2029-02-23,23713.53375
2029-02-24,23716.35397
2029-02-25,23719.16467
2029-02-26,23721.9666
2029-02-27,23724.76102
2029-02-28,23727.54963
2029-03-01,23730.33453
2029-03-02,23733.11816
2029-03-03,23735.90327
2029-03-04,23738.69282
2029-03-05,23741.48989
2029-03-06,23744.29765
2029-03-07,23747.11922
2029-03-08,23749.95758
2029-03-09,23752.81556
2029-03-10,23755.69567
2029-03-11,23758.60009
2029-03-12,23761.53056
2029-03-13,23764.48838
2029-03-14,23767.47431
2029-03-15,23770.48859
2029-03-16,23773.53088
2029-03-17,23776.6003
2029-03-18,23779.69541
2029-03-19,23782.81428
2029-03-20,23785.95446
2029-03-21,23789.11311
2029-03-22,23792.28702
2029-03-23,23795.47269
2029-03-24,23798.66644
2029-03-25,23801.86443
2029-03-26,23805.06283
2029-03-27,23808.25786
2029-03-28,23811.4459
2029-03-29,23814.62355
2029-03-30,23817.78776
2029-03-31,23820.93585
2029-04-01,23824.0656
2029-04-02,23827.17528
2029-04-03,23830.26373
2029-04-04,23833.33032
2029-04-05,23836.37504
2029-04-06,23839.3984
2029-04-07,23842.4015
2029-04-08,23845.38595
2029-04-09,23848.35382
2029-04-10,23851.3076
2029-04-11,23854.25015
2029-04-12,23857.18458
2029-04-13,23860.11419
2029-04-14,23863.04239
2029-04-15,23865.97259
2029-04-16,23868.90815
2029-04-17,23871.85225
2029-04-18,23874.80782
2029-04-19,23877.77747
2029-04-20,23880.76345
2029-04-21,23883.76753
2029-04-22,23886.79101
2029-04-23,23889.83466
2029-04-24,23892.89872
2029-04-25,23895.98287
2029-04-26,23899.08625
2029-04-27,23902.20748
2029-04-28,23905.34469
2029-04-29,23908.49557
2029-04-30,23911.65743
2029-05-01,23914.82725
2029-05-02,23918.00177
2029-05-03,23921.17754
2029-05-04,23924.35104
2029-05-05,23927.51872
2029-05-06,23930.67712
2029-05-07,23933.82292
2029-05-08,23936.95302
2029-05-09,23940.06463
2029-05-10,23943.1553
2029-05-11,23946.22297
2029-05-12,23949.26606
2029-05-13,23952.28343
2029-05-14,23955.27444
2029-05-15,23958.23894
2029-05-16,23961.17726
2029-05-17,23964.09022
2029-05-18,23966.97905
2029-05-19,23969.8454
2029-05-20,23972.69124
2029-05-21,23975.51885
2029-05-22,23978.33073
2029-05-23,23981.12954
2029-05-24,23983.91803
2029-05-25,23986.69893
2029-05-26,23989.47496
2029-05-27,23992.24868
2029-05-28,23995.02245
2029-05-29,23997.79838
2029-05-30,24000.57826
2029-05-31,24003.36353
2029-06-01,24006.15519
2029-06-02,24008.95384
2029-06-03,24011.7596
2029-06-04,24014.57212
2029-06-05,24017.3906
2029-06-06,24020.21375
2029-06-07,24023.03983
2029-06-08,24025.8667
2029-06-09,24028.69179
2029-06-10,24031.51222
2029-06-11,24034.32477
2029-06-12,24037.12598
2029-06-13,24039.91219
2029-06-14,24042.67957
2029-06-15,24045.42425
2029-06-16,24048.14228
2029-06-17,24050.82978
2029-06-18,24053.48294
2029-06-19,24056.0981
2029-06-20,24058.67176
2029-06-21,24061.20071
2029-06-22,24063.68196
2029-06-23,24066.11289
2029-06-24,24068.49119
2029-06-25,24070.81493
2029-06-26,24073.08259
2029-06-27,24075.29303
2029-06-28,24077.44555
2029-06-29,24079.53985
2029-06-30,24081.57607
2029-07-01,24083.55474
2029-07-02,24085.4768
2029-07-03,24087.34358
2029-07-04,24089.15677
2029-07-05,24090.91841
2029-07-06,24092.63086
2029-07-07,24094.29676
2029-07-08,24095.91905
2029-07-09,24097.50085
2029-07-10,24099.04552
2029-07-11,24100.55657
2029-07-12,24102.03763
2029-07-13,24103.49243
2029-07-14,24104.92475
2029-07-15,24106.33841
2029-07-16,24107.73717
2029-07-17,24109.12477
2029-07-18,24110.50483
2029-07-19,24111.88088
2029-07-20,24113.25624
2029-07-21,24114.63409
2029-07-22,24116.01735
2029-07-23,24117.40871
2029-07-24,24118.81057
2029-07-25,24120.22506
2029-07-26,24121.65397
2029-07-27,24123.09879
2029-07-28,24124.56066
2029-07-29,24126.04037
2029-07-30,24127.53841
2029-07-31,24129.0549
2029-08-01,24130.58964
2029-08-02,24132.14214
2029-08-03,24133.71162
2029-08-04,24135.29702
2029-08-05,24136.89707
2029-08-06,24138.51027
2029-08-07,24140.135
2029-08-08,24141.76948
2029-08-09,24143.41186
2029-08-10,24145.06025
2029-08-11,24146.71275
2029-08-12,24148.36753
2029-08-13,24150.02281
2029-08-14,24151.67697
2029-08-15,24153.32851
2029-08-16,24154.97614
2029-08-17,24156.61877
2029-08-18,24158.25555
2029-08-19,24159.88587
2029-08-20,24161.50939
2029-08-21,24163.126
2029-08-22,24164.73586
2029-08-23,24166.33934
2029-08-24,24167.93706
2029-08-25,24169.52981
2029-08-26,24171.11854
2029-08-27,24172.70434
2029-08-28,24174.28839
2029-08-29,24175.87189
2029-08-30,24177.45608
2029-08-31,24179.04215
2029-09-01,24180.63122
2029-09-02,24182.22426
2029-09-03,24183.82212
2029-09-04,24185.42547
2029-09-05,24187.03472
2029-09-06,24188.65011
2029-09-07,24190.27157
2029-09-08,24191.89883
2029-09-09,24193.53135
2029-09-10,24195.16834
2029-09-11,24196.8088
2029-09-12,24198.45152
2029-09-13,24200.09514
2029-09-14,24201.73815
2029-09-15,24203.37898
2029-09-16,24205.01599
2029-09-17,24206.64757
2029-09-18,24208.27217
2029-09-19,24209.88834
2029-09-20,24211.4948
2029-09-21,24213.09047
2029-09-22,24214.67452
2029-09-23,24216.24641
2029-09-24,24217.8059
2029-09-25,24219.35309
2029-09-26,24220.88843
2029-09-27,24222.41269
2029-09-28,24223.92701
2029-09-29,24225.43284
2029-09-30,24226.93193
2029-10-01,24228.42629
2029-10-02,24229.91815
2029-10-03,24231.4099
2029-10-04,24232.90403
2029-10-05,24234.40309
2029-10-06,24235.90962
2029-10-07,24237.42606
2029-10-08,24238.95469
2029-10-09,24240.4976
2029-10-10,24242.0566
2029-10-11,24243.63315
2029-10-12,24245.22835
2029-10-13,24246.8429
2029-10-14,24248.47705
2029-10-15,24250.13059
2029-10-16,24251.80285
2029-10-17,24253.4927
2029-10-18,24255.1986
2029-10-19,24256.91859
2029-10-20,24258.65035
2029-10-21,24260.39126
2029-10-22,24262.13847
2029-10-23,24263.88894
2029-10-24,24265.63955
2029-10-25,24267.38719
2029-10-26,24269.1288
2029-10-27,24270.86148
2029-10-28,24272.58261
2029-10-29,24274.28984
2029-10-30,24275.98128
2029-10-31,24277.65544
2029-11-01,24279.3114
2029-11-02,24280.94878
2029-11-03,24282.56779
2029-11-04,24284.16925
2029-11-05,24285.75461
2029-11-06,24287.32591
2029-11-07,24288.88577
2029-11-08,24290.43734
2029-11-09,24291.98427
2029-11-10,24293.53061
2029-11-11,24295.08078
2029-11-12,24296.63944
2029-11-13,24298.21142
2029-11-14,24299.80161
2029-11-15,24301.41491
2029-11-16,24303.05607
2029-11-17,24304.72961
2029-11-18,24306.43975
2029-11-19,24308.19033
2029-11-20,24309.98468
2029-11-21,24311.82563
2029-11-22,24313.71539
2029-11-23,24315.65557
2029-11-24,24317.6471
2029-11-25,24319.69026
2029-11-26,24321.78466
2029-11-27,24323.92929
2029-11-28,24326.1225
2029-11-29,24328.36212
2029-11-30,24330.64546
2029-12-01,24332.96938
2029-12-02,24335.33043
2029-12-03,24337.72484
2029-12-04,24340.1487
2029-12-05,24342.59797
2029-12-06,24345.06863
2029-12-07,24347.55674
2029-12-08,24350.05851
2029-12-09,24352.5704
2029-12-10,24355.08916
2029-12-11,24357.61193
2029-12-12,24360.13622
2029-12-13,24362.65999
2029-12-14,24365.18167
2029-12-15,24367.70013
2029-12-16,24370.21471
2029-12-17,24372.72517
2029-12-18,24375.2317
2029-12-19,24377.73482
2029-12-20,24380.23539
2029-12-21,24382.73451
2029-12-22,24385.23348
2029-12-23,24387.73373
2029-12-24,24390.23674
2029-12-25,24392.74397
2029-12-26,24395.25683
2029-12-27,24397.77658
2029-12-28,24400.3043
2029-12-29,24402.84084
2029-12-30,24405.38678
2029-12-31,24407.9424
2030-01-01,24410.50767
2030-01-02,24413.08227
2030-01-03,24415.66555
2030-01-04,24418.25657
2030-01-05,24420.85417
2030-01-06,24423.45693
2030-01-07,24426.06327
2030-01-08,24428.67151
2030-01-09,24431.27988
2030-01-10,24433.88663
2030-01-11,24436.49006
2030-01-12,24439.0886
2030-01-13,24441.68086
2030-01-14,24444.26568
2030-01-15,24446.84218
2030-01-16,24449.40982
2030-01-17,24451.96838
2030-01-18,24454.51805
2030-01-19,24457.05937
2030-01-20,24459.59327
2030-01-21,24462.12105
2030-01-22,24464.64434
2030-01-23,24467.16507
2030-01-24,24469.68545
2030-01-25,24472.20787
2030-01-26,24474.73488
2030-01-27,24477.2691
2030-01-28,24479.81315
2030-01-29,24482.36961
2030-01-30,24484.94091
2030-01-31,24487.5293
2030-02-01,24490.13673
2030-02-02,24492.76487
2030-02-03,24495.41501
2030-02-04,24498.08803
2030-02-05,24500.78438
2030-02-06,24503.50407
2030-02-07,24506.24665
2030-02-08,24509.01124
2030-02-09,24511.79652
2030-02-10,24514.60079
2030-02-11,24517.42203
2030-02-12,24520.25791
2030-02-13,24523.10588
2030-02-14,24525.96324
2030-02-15,24528.82722
2030-02-16,24531.69502
2030-02-17,24534.56396
2030-02-18,24537.43149
2030-02-19,24540.29528
2030-02-20,24543.15332
2030-02-21,24546.00395
2030-02-22,24548.8459
2030-02-23,24551.67838
2030-02-24,24554.50105
2030-02-25,24557.31408
2030-02-26,24560.1181
2030-02-27,24562.91426
2030-02-28,24565.70414
2030-03-01,24568.48975
2030-03-02,24571.27345
2030-03-03,24574.05792
2030-03-04,24576.84607
2030-03-05,24579.64097
2030-03-06,24582.44576
2030-03-07,24585.26359
2030-03-08,24588.09748
2030-03-09,24590.95031
2030-03-10,24593.82467
2030-03-11,24596.72283
2030-03-12,24599.64665
2030-03-13,24602.59754
2030-03-14,24605.5764
2030-03-15,24608.58359
2030-03-16,24611.61894
2030-03-17,24614.68169
2030-03-18,24617.77055
2030-03-19,24620.88368
2030-03-20,24624.01878
2030-03-21,24627.17311
2030-03-22,24630.34352
2030-03-23,24633.52659
2030-03-24,24636.71867
2030-03-25,24639.91597
2030-03-26,24643.11462
2030-03-27,24646.31085
2030-03-28,24649.50096
2030-03-29,24652.68151
2030-03-30,24655.84935
2030-03-31,24659.00169
2030-04-01,24662.13621
2030-04-02,24665.25104
2030-04-03,24668.34487
2030-04-04,24671.41696
2030-04-05,24674.46711
2030-04-06,24677.49573
2030-04-07,24680.50377
2030-04-08,24683.4927
2030-04-09,24686.4645
2030-04-10,24689.42155
2030-04-11,24692.36663
2030-04-12,24695.30278
2030-04-13,24698.23328
2030-04-14,24701.16151
2030-04-15,24704.09089
2030-04-16,24707.02481
2030-04-17,24709.96648
2030-04-18,24712.91892
2030-04-19,24715.88483
2030-04-20,24718.86654
2030-04-21,24721.86595
2030-04-22,24724.88449
2030-04-23,24727.92306
2030-04-24,24730.98203
2030-04-25,24734.06121
2030-04-26,24737.15989
2030-04-27,24740.27681
2030-04-28,24743.41023
2030-04-29,24746.55793
2030-04-30,24749.71732
2030-05-01,24752.88545
2030-05-02,24756.05911
2030-05-03,24759.23489
2030-05-04,24762.40929
2030-05-05,24765.57876
2030-05-06,24768.7398
2030-05-07,24771.88905
2030-05-08,24775.02335
2030-05-09,24778.13982
2030-05-10,24781.23593
2030-05-11,24784.30953
2030-05-12,24787.35889
2030-05-13,24790.38277
2030-05-14,24793.3804
2030-05-15,24796.35151
2030-05-16,24799.29632
2030-05-17,24802.21552
2030-05-18,24805.11025
2030-05-19,24807.98204
2030-05-20,24810.83281
2030-05-21,24813.66475
2030-05-22,24816.48032
2030-05-23,24819.28214
2030-05-24,24822.07295
2030-05-25,24824.85549
2030-05-26,24827.63249
2030-05-27,24830.40655
2030-05-28,24833.1801
2030-05-29,24835.95531
2030-05-30,24838.73406
2030-05-31,24841.51787
2030-06-01,24844.30786
2030-06-02,24847.10473
2030-06-03,24849.90872
2030-06-04,24852.71962
2030-06-05,24855.53671
2030-06-06,24858.35884
2030-06-07,24861.18437
2030-06-08,24864.01127
2030-06-09,24866.83706
2030-06-10,24869.65895
2030-06-11,24872.47378
2030-06-12,24875.27816
2030-06-13,24878.06847
2030-06-14,24880.84093
2030-06-15,24883.59165
2030-06-16,24886.31671
2030-06-17,24889.0122
2030-06-18,24891.6743
2030-06-19,24894.29929
2030-06-20,24896.88364
2030-06-21,24899.42405
2030-06-22,24901.91749
2030-06-23,24904.36123
2030-06-24,24906.75288
2030-06-25,24909.09042
2030-06-26,24911.37222
2030-06-27,24913.59705
2030-06-28,24915.7641
2030-06-29,24917.87296
2030-06-30,24919.92366
2030-07-01,24921.91665
2030-07-02,24923.85275
2030-07-03,24925.73321
2030-07-04,24927.55962
2030-07-05,24929.33393
2030-07-06,24931.05844
2030-07-07,24932.73572
2030-07-08,24934.36862
2030-07-09,24935.96024
2030-07-10,24937.51387
2030-07-11,24939.03298
2030-07-12,24940.52119
2030-07-13,24941.98221
2030-07-14,24943.41979
2030-07-15,24944.83776
2030-07-16,24946.23989
2030-07-17,24947.62994
2030-07-18,24949.01155
2030-07-19,24950.38828
2030-07-20,24951.76351
2030-07-21,24953.14045
2030-07-22,24954.5221
2030-07-23,24955.91119
2030-07-24,24957.31022
2030-07-25,24958.72137
2030-07-26,24960.14653
2030-07-27,24961.58725
2030-07-28,24963.04476
2030-07-29,24964.51996
2030-07-30,24966.01339
2030-07-31,24967.52527
2030-08-01,24969.05549
2030-08-02,24970.60361
2030-08-03,24972.16893
2030-08-04,24973.75047
2030-08-05,24975.34698
2030-08-06,24976.95705
2030-08-07,24978.57906
2030-08-08,24980.21127
2030-08-09,24981.85185
2030-08-10,24983.49891
2030-08-11,24985.15057
2030-08-12,24986.80494
2030-08-13,24988.46026
2030-08-14,24990.11484
2030-08-15,24991.76717
2030-08-16,24993.41588
2030-08-17,24995.05985
2030-08-18,24996.69816
2030-08-19,24998.33014
2030-08-20,24999.95538
2030-08-21,25001.57372
2030-08-22,25003.18523
2030-08-23,25004.79026
2030-08-24,25006.38936
2030-08-25,25007.98326
2030-08-26,25009.5729
2030-08-27,25011.15933
2030-08-28,25012.7437
2030-08-29,25014.32722
2030-08-30,25015.91113
2030-08-31,25017.49662
2030-09-01,25019.08484
2030-09-02,25020.6768
2030-09-03,25022.27339
2030-09-04,25023.87531
2030-09-05,25025.48306
2030-09-06,25027.09691
2030-09-07,25028.71687
2030-09-08,25030.34272
2030-09-09,25031.97399
2030-09-10,25033.60995
2030-09-11,25035.24964
2030-09-12,25036.89192
2030-09-13,25038.53545
2030-09-14,25040.17876
2030-09-15,25041.82029
2030-09-16,25043.4584
2030-09-17,25045.09149
2030-09-18,25046.71798
2030-09-19,25048.33638
2030-09-20,25049.94538
2030-09-21,25051.54383
2030-09-22,25053.13086
2030-09-23,25054.70582
2030-09-24,25056.26842
2030-09-25,25057.81865
2030-09-26,25059.35689
2030-09-27,25060.88383
2030-09-28,25062.40051
2030-09-29,25063.90831
2030-09-30,25065.40891
2030-10-01,25066.90425
2030-10-02,25068.39652
2030-10-03,25069.88806
2030-10-04,25071.38135
2030-10-05,25072.87895
2030-10-06,25074.38338
2030-10-07,25075.89711
2030-10-08,25077.42249
2030-10-09,25078.96166
2030-10-10,25080.51648
2030-10-11,25082.08852
2030-10-12,25083.67898
2030-10-13,25085.28865
2030-10-14,25086.91791
2030-10-15,25088.56664
2030-10-16,25090.23431
2030-10-17,25091.91989
2030-10-18,25093.62195
2030-10-19,25095.33862
2030-10-20,25097.06767
2030-10-21,25098.80655
2030-10-22,25100.55246
2030-10-23,25102.30241
2030-10-24,25104.05328
2030-10-25,25105.80195
2030-10-26,25107.54535
2030-10-27,25109.28052
2030-10-28,25111.00477
2030-10-29,25112.71567
2030-10-30,25114.41121
2030-10-31,25116.0898
2030-11-01,25117.75037
2030-11-02,25119.3924
2030-11-03,25121.01595
2030-11-04,25122.62169
2030-11-05,25124.2109
2030-11-06,25125.78549
2030-11-07,25127.34793
2030-11-08,25128.90125
2030-11-09,25130.44898
2030-11-10,25131.99507
2030-11-11,25133.54385
2030-11-12,25135.09994
2030-11-13,25136.66813
2030-11-14,25138.25331
2030-11-15,25139.86038
2030-11-16,25141.49414
2030-11-17,25143.15917
2030-11-18,25144.85979
2030-11-19,25146.59992
2030-11-20,25148.38305
2030-11-21,25150.21211
2030-11-22,25152.0895
2030-11-23,25154.01696
2030-11-24,25155.9956
2030-11-25,25158.02586
2030-11-26,25160.10753
2030-11-27,25162.23972
2030-11-28,25164.42098
2030-11-29,25166.64923
2030-11-30,25168.92191
2030-12-01,25171.236
2030-12-02,25173.58811
2030-12-03,25175.97454
2030-12-04,25178.39141
2030-12-05,25180.83471
2030-12-06,25183.3004
2030-12-07,25185.78451
2030-12-08,25188.28321
2030-12-09,25190.79288
2030-12-10,25193.31021
2030-12-11,25195.83223
2030-12-12,25198.35635
2030-12-13,25200.88042
2030-12-14,25203.40274
2030-12-15,25205.92209
2030-12-16,25208.43767
2030-12-17,25210.94916
2030-12-18,25213.45663
2030-12-19,25215.96054
2030-12-20,25218.46165
2030-12-21,25220.96102
2030-12-22,25223.4599
2030-12-23,25225.95969
2030-12-24,25228.46187
2030-12-25,25230.96791
2030-12-26,25233.47924
2030-12-27,25235.99716
2030-12-28,25238.5228
2030-12-29,25241.05707
2030-12-30,25243.60062
2030-12-31,25246.15381
